company_id,year,capital_allocation_label
ABB,2012-12,SELF_FUNDED_REINVESTMENT
ABB,2014-03,CASH_ACCUMULATION
ABB,2015-03,EXTERNALLY_FUNDED_INVESTMENT
ABB,2016-03,SELF_FUNDED_REINVESTMENT
ABB,2017-03,SELF_FUNDED_REINVESTMENT
ABB,2018-03,EXPANSION_WITH_EXTERNAL_CAPITAL
ABB,2019-03,EXPANSION_WITH_EXTERNAL_CAPITAL
ABB,2020-03,EXPANSION_WITH_EXTERNAL_CAPITAL
ABB,2021-03,SELF_FUNDED_REINVESTMENT
ABB,2022-03,SELF_FUNDED_REINVESTMENT
ABB,2023-03,EXPANSION_WITH_EXTERNAL_CAPITAL
ABB,2024-03,SELF_FUNDED_REINVESTMENT
ADANIENSOL,2014-03,CASH_ACCUMULATION
ADANIENSOL,2015-03,EXTERNALLY_FUNDED_INVESTMENT
ADANIENSOL,2016-03,SELF_FUNDED_REINVESTMENT
ADANIENSOL,2017-03,SELF_FUNDED_REINVESTMENT
ADANIENSOL,2018-03,EXPANSION_WITH_EXTERNAL_CAPITAL
ADANIENSOL,2019-03,EXPANSION_WITH_EXTERNAL_CAPITAL
ADANIENSOL,2020-03,EXPANSION_WITH_EXTERNAL_CAPITAL
ADANIENSOL,2021-03,SELF_FUNDED_REINVESTMENT
ADANIENSOL,2022-03,SELF_FUNDED_REINVESTMENT
ADANIENSOL,2023-03,EXPANSION_WITH_EXTERNAL_CAPITAL
ADANIENSOL,2024-03,SELF_FUNDED_REINVESTMENT
ADANIENT,2013-03,EXPANSION_WITH_EXTERNAL_CAPITAL
ADANIENT,2014-03,SELF_FUNDED_REINVESTMENT
ADANIENT,2015-03,EXPANSION_WITH_EXTERNAL_CAPITAL
ADANIENT,2016-03,SELF_FUNDED_REINVESTMENT
ADANIENT,2017-03,EXPANSION_WITH_EXTERNAL_CAPITAL
ADANIENT,2018-03,EXPANSION_WITH_EXTERNAL_CAPITAL
ADANIENT,2019-03,ASSET_MONETISATION_AND_DELEVERAGING
ADANIENT,2020-03,SELF_FUNDED_REINVESTMENT
ADANIENT,2021-03,EXPANSION_WITH_EXTERNAL_CAPITAL
ADANIENT,2022-03,EXPANSION_WITH_EXTERNAL_CAPITAL
ADANIENT,2023-03,SELF_FUNDED_REINVESTMENT
ADANIENT,2024-03,EXPANSION_WITH_EXTERNAL_CAPITAL
ADANIGREEN,2017-03,EXPANSION_WITH_EXTERNAL_CAPITAL
ADANIGREEN,2018-03,EXPANSION_WITH_EXTERNAL_CAPITAL
ADANIGREEN,2019-03,EXPANSION_WITH_EXTERNAL_CAPITAL
ADANIGREEN,2020-03,EXPANSION_WITH_EXTERNAL_CAPITAL
ADANIGREEN,2021-03,EXPANSION_WITH_EXTERNAL_CAPITAL
ADANIGREEN,2022-03,EXPANSION_WITH_EXTERNAL_CAPITAL
ADANIGREEN,2023-03,SELF_FUNDED_REINVESTMENT
ADANIGREEN,2024-03,EXPANSION_WITH_EXTERNAL_CAPITAL
ADANIPORTS,2013-03,EXPANSION_WITH_EXTERNAL_CAPITAL
ADANIPORTS,2014-03,EXPANSION_WITH_EXTERNAL_CAPITAL
ADANIPORTS,2015-03,SELF_FUNDED_REINVESTMENT
ADANIPORTS,2016-03,EXPANSION_WITH_EXTERNAL_CAPITAL
ADANIPORTS,2017-03,SELF_FUNDED_REINVESTMENT
ADANIPORTS,2018-03,SELF_FUNDED_REINVESTMENT
ADANIPORTS,2019-03,EXPANSION_WITH_EXTERNAL_CAPITAL
ADANIPORTS,2020-03,SELF_FUNDED_REINVESTMENT
ADANIPORTS,2021-03,EXPANSION_WITH_EXTERNAL_CAPITAL
ADANIPORTS,2022-03,SELF_FUNDED_REINVESTMENT
ADANIPORTS,2023-03,SELF_FUNDED_REINVESTMENT
ADANIPORTS,2024-03,SELF_FUNDED_REINVESTMENT
ADANIPOWER,2013-03,EXPANSION_WITH_EXTERNAL_CAPITAL
ADANIPOWER,2014-03,EXPANSION_WITH_EXTERNAL_CAPITAL
ADANIPOWER,2015-03,SELF_FUNDED_REINVESTMENT
ADANIPOWER,2016-03,SELF_FUNDED_REINVESTMENT
ADANIPOWER,2017-03,SELF_FUNDED_REINVESTMENT
ADANIPOWER,2018-03,SELF_FUNDED_REINVESTMENT
ADANIPOWER,2019-03,SELF_FUNDED_REINVESTMENT
ADANIPOWER,2020-03,SELF_FUNDED_REINVESTMENT
ADANIPOWER,2021-03,SELF_FUNDED_REINVESTMENT
ADANIPOWER,2022-03,ASSET_MONETISATION_AND_DELEVERAGING
ADANIPOWER,2023-03,ASSET_MONETISATION_AND_DELEVERAGING
ADANIPOWER,2024-03,ASSET_MONETISATION_AND_DELEVERAGING
AMBUJACEM,2012-12,SELF_FUNDED_REINVESTMENT
AMBUJACEM,2013-12,SELF_FUNDED_REINVESTMENT
AMBUJACEM,2014-12,SELF_FUNDED_REINVESTMENT
AMBUJACEM,2015-12,SELF_FUNDED_REINVESTMENT
AMBUJACEM,2016-12,SELF_FUNDED_REINVESTMENT
AMBUJACEM,2017-12,SELF_FUNDED_REINVESTMENT
AMBUJACEM,2018-12,SELF_FUNDED_REINVESTMENT
AMBUJACEM,2019-12,SELF_FUNDED_REINVESTMENT
AMBUJACEM,2020-12,SELF_FUNDED_REINVESTMENT
AMBUJACEM,2021-12,SELF_FUNDED_REINVESTMENT
AMBUJACEM,2023-03,EXPANSION_WITH_EXTERNAL_CAPITAL
AMBUJACEM,2024-03,EXPANSION_WITH_EXTERNAL_CAPITAL
APOLLOHOSP,2013-03,EXPANSION_WITH_EXTERNAL_CAPITAL
APOLLOHOSP,2014-03,SELF_FUNDED_REINVESTMENT
APOLLOHOSP,2015-03,EXPANSION_WITH_EXTERNAL_CAPITAL
APOLLOHOSP,2016-03,EXPANSION_WITH_EXTERNAL_CAPITAL
APOLLOHOSP,2017-03,EXPANSION_WITH_EXTERNAL_CAPITAL
APOLLOHOSP,2018-03,SELF_FUNDED_REINVESTMENT
APOLLOHOSP,2019-03,SELF_FUNDED_REINVESTMENT
APOLLOHOSP,2020-03,SELF_FUNDED_REINVESTMENT
APOLLOHOSP,2021-03,SELF_FUNDED_REINVESTMENT
APOLLOHOSP,2022-03,SELF_FUNDED_REINVESTMENT
APOLLOHOSP,2023-03,SELF_FUNDED_REINVESTMENT
APOLLOHOSP,2024-03,SELF_FUNDED_REINVESTMENT
ASIANPAINT,2013-03,SELF_FUNDED_REINVESTMENT
ASIANPAINT,2014-03,SELF_FUNDED_REINVESTMENT
ASIANPAINT,2015-03,SELF_FUNDED_REINVESTMENT
ASIANPAINT,2016-03,SELF_FUNDED_REINVESTMENT
ASIANPAINT,2017-03,SELF_FUNDED_REINVESTMENT
ASIANPAINT,2018-03,SELF_FUNDED_REINVESTMENT
ASIANPAINT,2019-03,SELF_FUNDED_REINVESTMENT
ASIANPAINT,2020-03,SELF_FUNDED_REINVESTMENT
ASIANPAINT,2021-03,SELF_FUNDED_REINVESTMENT
ASIANPAINT,2022-03,SELF_FUNDED_REINVESTMENT
ASIANPAINT,2023-03,SELF_FUNDED_REINVESTMENT
ASIANPAINT,2024-03,SELF_FUNDED_REINVESTMENT
ATGL,2018-03,NO_DATA
ATGL,2019-03,NO_DATA
ATGL,2020-03,NO_DATA
ATGL,2021-03,NO_DATA
ATGL,2022-03,NO_DATA
ATGL,2023-03,NO_DATA
ATGL,2024-03,NO_DATA
AXISBANK,2013-03,EXPANSION_WITH_EXTERNAL_CAPITAL
AXISBANK,2014-03,EXPANSION_WITH_EXTERNAL_CAPITAL
AXISBANK,2015-03,EXTERNALLY_FUNDED_INVESTMENT
AXISBANK,2016-03,RESTRUCTURING_WITH_EXTERNAL_SUPPORT
AXISBANK,2017-03,SELF_FUNDED_REINVESTMENT
AXISBANK,2018-03,EXTERNALLY_FUNDED_INVESTMENT
AXISBANK,2019-03,EXPANSION_WITH_EXTERNAL_CAPITAL
AXISBANK,2020-03,EXPANSION_WITH_EXTERNAL_CAPITAL
AXISBANK,2021-03,EXPANSION_WITH_EXTERNAL_CAPITAL
AXISBANK,2022-03,EXPANSION_WITH_EXTERNAL_CAPITAL
AXISBANK,2023-03,EXPANSION_WITH_EXTERNAL_CAPITAL
AXISBANK,2024-03,EXTERNALLY_FUNDED_INVESTMENT
BAJAJ-AUTO,2013-03,SELF_FUNDED_REINVESTMENT
BAJAJ-AUTO,2014-03,SELF_FUNDED_REINVESTMENT
BAJAJ-AUTO,2015-03,SELF_FUNDED_REINVESTMENT
BAJAJ-AUTO,2016-03,SELF_FUNDED_REINVESTMENT
BAJAJ-AUTO,2017-03,SELF_FUNDED_REINVESTMENT
BAJAJ-AUTO,2018-03,SELF_FUNDED_REINVESTMENT
BAJAJ-AUTO,2019-03,SELF_FUNDED_REINVESTMENT
BAJAJ-AUTO,2020-03,ASSET_MONETISATION_AND_DELEVERAGING
BAJAJ-AUTO,2021-03,SELF_FUNDED_REINVESTMENT
BAJAJ-AUTO,2022-03,ASSET_MONETISATION_AND_DELEVERAGING
BAJAJ-AUTO,2023-03,ASSET_MONETISATION_AND_DELEVERAGING
BAJAJ-AUTO,2024-03,SELF_FUNDED_REINVESTMENT
BAJAJFINSV,2013-03,RESTRUCTURING_WITH_EXTERNAL_SUPPORT
BAJAJFINSV,2014-03,RESTRUCTURING_WITH_EXTERNAL_SUPPORT
BAJAJFINSV,2015-03,RESTRUCTURING_WITH_EXTERNAL_SUPPORT
BAJAJFINSV,2016-03,EXTERNALLY_FUNDED_INVESTMENT
BAJAJFINSV,2017-03,RESTRUCTURING_WITH_EXTERNAL_SUPPORT
BAJAJFINSV,2018-03,EXTERNALLY_FUNDED_INVESTMENT
BAJAJFINSV,2019-03,EXTERNALLY_FUNDED_INVESTMENT
BAJAJFINSV,2020-03,EXTERNALLY_FUNDED_INVESTMENT
BAJAJFINSV,2021-03,EXPANSION_WITH_EXTERNAL_CAPITAL
BAJAJFINSV,2022-03,RESTRUCTURING_WITH_EXTERNAL_SUPPORT
BAJAJFINSV,2023-03,EXTERNALLY_FUNDED_INVESTMENT
BAJAJFINSV,2024-03,EXTERNALLY_FUNDED_INVESTMENT
BAJAJHLDNG,2013-03,SELF_FUNDED_REINVESTMENT
BAJAJHLDNG,2014-03,SELF_FUNDED_REINVESTMENT
BAJAJHLDNG,2015-03,SELF_FUNDED_REINVESTMENT
BAJAJHLDNG,2016-03,ASSET_MONETISATION_AND_DELEVERAGING
BAJAJHLDNG,2017-03,CASH_BURN_AND_CONTRACTION
BAJAJHLDNG,2018-03,SELF_FUNDED_REINVESTMENT
BAJAJHLDNG,2019-03,SELF_FUNDED_REINVESTMENT
BAJAJHLDNG,2020-03,SELF_FUNDED_REINVESTMENT
BAJAJHLDNG,2021-03,SELF_FUNDED_REINVESTMENT
BAJAJHLDNG,2022-03,SELF_FUNDED_REINVESTMENT
BAJAJHLDNG,2023-03,SELF_FUNDED_REINVESTMENT
BAJAJHLDNG,2024-03,SELF_FUNDED_REINVESTMENT
BAJFINANCE,2015-03,EXTERNALLY_FUNDED_INVESTMENT
BAJFINANCE,2016-03,EXTERNALLY_FUNDED_INVESTMENT
BAJFINANCE,2017-03,EXTERNALLY_FUNDED_INVESTMENT
BAJFINANCE,2018-03,RESTRUCTURING_WITH_EXTERNAL_SUPPORT
BAJFINANCE,2019-03,EXTERNALLY_FUNDED_INVESTMENT
BAJFINANCE,2020-03,EXTERNALLY_FUNDED_INVESTMENT
BAJFINANCE,2021-03,EXTERNALLY_FUNDED_INVESTMENT
BAJFINANCE,2022-03,RESTRUCTURING_WITH_EXTERNAL_SUPPORT
BAJFINANCE,2023-03,EXTERNALLY_FUNDED_INVESTMENT
BAJFINANCE,2024-03,EXTERNALLY_FUNDED_INVESTMENT
BANKBARODA,2013-03,SELF_FUNDED_REINVESTMENT
BANKBARODA,2014-03,EXPANSION_WITH_EXTERNAL_CAPITAL
BANKBARODA,2015-03,SELF_FUNDED_REINVESTMENT
BANKBARODA,2016-03,CASH_BURN_AND_CONTRACTION
BANKBARODA,2017-03,SELF_FUNDED_REINVESTMENT
BANKBARODA,2018-03,EXTERNALLY_FUNDED_INVESTMENT
BANKBARODA,2019-03,EXTERNALLY_FUNDED_INVESTMENT
BANKBARODA,2020-03,EXPANSION_WITH_EXTERNAL_CAPITAL
BANKBARODA,2021-03,CASH_BURN_AND_CONTRACTION
BANKBARODA,2022-03,SELF_FUNDED_REINVESTMENT
BANKBARODA,2023-03,CASH_BURN_AND_CONTRACTION
BANKBARODA,2024-03,EXTERNALLY_FUNDED_INVESTMENT
BEL,2013-03,ASSET_SALES_FUNDING_OPERATIONS
BEL,2014-03,ASSET_SALES_FUNDING_OPERATIONS
BEL,2015-03,SELF_FUNDED_REINVESTMENT
BEL,2016-03,SELF_FUNDED_REINVESTMENT
BEL,2017-03,ASSET_SALES_FUNDING_OPERATIONS
BEL,2018-03,CASH_BURN_AND_CONTRACTION
BEL,2019-03,SELF_FUNDED_REINVESTMENT
BEL,2020-03,SELF_FUNDED_REINVESTMENT
BEL,2021-03,SELF_FUNDED_REINVESTMENT
BEL,2022-03,SELF_FUNDED_REINVESTMENT
BEL,2023-03,ASSET_MONETISATION_AND_DELEVERAGING
BEL,2024-03,SELF_FUNDED_REINVESTMENT
BHARTIARTL,2013-03,SELF_FUNDED_REINVESTMENT
BHARTIARTL,2014-03,EXPANSION_WITH_EXTERNAL_CAPITAL
BHARTIARTL,2015-03,SELF_FUNDED_REINVESTMENT
BHARTIARTL,2016-03,SELF_FUNDED_REINVESTMENT
BHARTIARTL,2017-03,SELF_FUNDED_REINVESTMENT
BHARTIARTL,2018-03,EXPANSION_WITH_EXTERNAL_CAPITAL
BHARTIARTL,2019-03,EXPANSION_WITH_EXTERNAL_CAPITAL
BHARTIARTL,2020-03,EXPANSION_WITH_EXTERNAL_CAPITAL
BHARTIARTL,2021-03,SELF_FUNDED_REINVESTMENT
BHARTIARTL,2022-03,SELF_FUNDED_REINVESTMENT
BHARTIARTL,2023-03,SELF_FUNDED_REINVESTMENT
BHARTIARTL,2024-03,SELF_FUNDED_REINVESTMENT
BHEL,2013-03,EXPANSION_WITH_EXTERNAL_CAPITAL
BHEL,2014-03,EXPANSION_WITH_EXTERNAL_CAPITAL
BHEL,2015-03,ASSET_MONETISATION_AND_DELEVERAGING
BHEL,2016-03,ASSET_MONETISATION_AND_DELEVERAGING
BHEL,2017-03,SELF_FUNDED_REINVESTMENT
BHEL,2018-03,ASSET_MONETISATION_AND_DELEVERAGING
BHEL,2019-03,ASSET_SALES_FUNDING_OPERATIONS
BHEL,2020-03,RESTRUCTURING_WITH_EXTERNAL_SUPPORT
BHEL,2021-03,SELF_FUNDED_REINVESTMENT
BHEL,2022-03,SELF_FUNDED_REINVESTMENT
BHEL,2023-03,RESTRUCTURING_WITH_EXTERNAL_SUPPORT
BHEL,2024-03,RESTRUCTURING_WITH_EXTERNAL_SUPPORT
BOSCHLTD,2012-12,SELF_FUNDED_REINVESTMENT
BOSCHLTD,2013-12,SELF_FUNDED_REINVESTMENT
BOSCHLTD,2015-03,SELF_FUNDED_REINVESTMENT
BOSCHLTD,2016-03,SELF_FUNDED_REINVESTMENT
BOSCHLTD,2017-03,ASSET_MONETISATION_AND_DELEVERAGING
BOSCHLTD,2018-03,SELF_FUNDED_REINVESTMENT
BOSCHLTD,2019-03,ASSET_MONETISATION_AND_DELEVERAGING
BOSCHLTD,2020-03,SELF_FUNDED_REINVESTMENT
BOSCHLTD,2021-03,SELF_FUNDED_REINVESTMENT
BOSCHLTD,2022-03,SELF_FUNDED_REINVESTMENT
BOSCHLTD,2023-03,ASSET_MONETISATION_AND_DELEVERAGING
BOSCHLTD,2024-03,ASSET_MONETISATION_AND_DELEVERAGING
BPCL,2013-03,SELF_FUNDED_REINVESTMENT
BPCL,2014-03,SELF_FUNDED_REINVESTMENT
BPCL,2015-03,SELF_FUNDED_REINVESTMENT
BPCL,2016-03,SELF_FUNDED_REINVESTMENT
BPCL,2017-03,EXPANSION_WITH_EXTERNAL_CAPITAL
BPCL,2018-03,SELF_FUNDED_REINVESTMENT
BPCL,2019-03,EXPANSION_WITH_EXTERNAL_CAPITAL
BPCL,2020-03,EXPANSION_WITH_EXTERNAL_CAPITAL
BPCL,2021-03,SELF_FUNDED_REINVESTMENT
BPCL,2022-03,SELF_FUNDED_REINVESTMENT
BPCL,2023-03,SELF_FUNDED_REINVESTMENT
BPCL,2024-03,SELF_FUNDED_REINVESTMENT
BRITANNIA,2013-03,ASSET_MONETISATION_AND_DELEVERAGING
BRITANNIA,2014-03,SELF_FUNDED_REINVESTMENT
BRITANNIA,2015-03,SELF_FUNDED_REINVESTMENT
BRITANNIA,2016-03,SELF_FUNDED_REINVESTMENT
BRITANNIA,2017-03,SELF_FUNDED_REINVESTMENT
BRITANNIA,2018-03,SELF_FUNDED_REINVESTMENT
BRITANNIA,2019-03,SELF_FUNDED_REINVESTMENT
BRITANNIA,2020-03,EXPANSION_WITH_EXTERNAL_CAPITAL
BRITANNIA,2021-03,ASSET_MONETISATION_AND_DELEVERAGING
BRITANNIA,2022-03,ASSET_MONETISATION_AND_DELEVERAGING
BRITANNIA,2023-03,SELF_FUNDED_REINVESTMENT
BRITANNIA,2024-03,ASSET_MONETISATION_AND_DELEVERAGING
CANBK,2013-03,SELF_FUNDED_REINVESTMENT
CANBK,2014-03,SELF_FUNDED_REINVESTMENT
CANBK,2015-03,SELF_FUNDED_REINVESTMENT
CANBK,2016-03,SELF_FUNDED_REINVESTMENT
CANBK,2017-03,EXPANSION_WITH_EXTERNAL_CAPITAL
CANBK,2018-03,EXTERNALLY_FUNDED_INVESTMENT
CANBK,2019-03,SELF_FUNDED_REINVESTMENT
CANBK,2020-03,EXTERNALLY_FUNDED_INVESTMENT
CANBK,2021-03,EXPANSION_WITH_EXTERNAL_CAPITAL
CANBK,2022-03,EXPANSION_WITH_EXTERNAL_CAPITAL
CANBK,2023-03,EXTERNALLY_FUNDED_INVESTMENT
CANBK,2024-03,SELF_FUNDED_REINVESTMENT
CHOLAFIN,2013-03,RESTRUCTURING_WITH_EXTERNAL_SUPPORT
CHOLAFIN,2014-03,EXTERNALLY_FUNDED_INVESTMENT
CHOLAFIN,2015-03,EXTERNALLY_FUNDED_INVESTMENT
CHOLAFIN,2016-03,EXTERNALLY_FUNDED_INVESTMENT
CHOLAFIN,2017-03,EXTERNALLY_FUNDED_INVESTMENT
CHOLAFIN,2018-03,EXTERNALLY_FUNDED_INVESTMENT
CHOLAFIN,2019-03,EXTERNALLY_FUNDED_INVESTMENT
CHOLAFIN,2020-03,EXTERNALLY_FUNDED_INVESTMENT
CHOLAFIN,2021-03,EXTERNALLY_FUNDED_INVESTMENT
CHOLAFIN,2022-03,RESTRUCTURING_WITH_EXTERNAL_SUPPORT
CHOLAFIN,2023-03,EXTERNALLY_FUNDED_INVESTMENT
CHOLAFIN,2024-03,EXTERNALLY_FUNDED_INVESTMENT
CIPLA,2013-03,EXPANSION_WITH_EXTERNAL_CAPITAL
CIPLA,2014-03,SELF_FUNDED_REINVESTMENT
CIPLA,2015-03,EXPANSION_WITH_EXTERNAL_CAPITAL
CIPLA,2016-03,EXPANSION_WITH_EXTERNAL_CAPITAL
CIPLA,2017-03,SELF_FUNDED_REINVESTMENT
CIPLA,2018-03,SELF_FUNDED_REINVESTMENT
CIPLA,2019-03,SELF_FUNDED_REINVESTMENT
CIPLA,2020-03,ASSET_MONETISATION_AND_DELEVERAGING
CIPLA,2021-03,SELF_FUNDED_REINVESTMENT
CIPLA,2022-03,SELF_FUNDED_REINVESTMENT
CIPLA,2023-03,SELF_FUNDED_REINVESTMENT
CIPLA,2024-03,SELF_FUNDED_REINVESTMENT
COALINDIA,2013-03,SELF_FUNDED_REINVESTMENT
COALINDIA,2014-03,ASSET_MONETISATION_AND_DELEVERAGING
COALINDIA,2015-03,ASSET_MONETISATION_AND_DELEVERAGING
COALINDIA,2016-03,ASSET_MONETISATION_AND_DELEVERAGING
COALINDIA,2017-03,ASSET_MONETISATION_AND_DELEVERAGING
COALINDIA,2018-03,SELF_FUNDED_REINVESTMENT
COALINDIA,2019-03,SELF_FUNDED_REINVESTMENT
COALINDIA,2020-03,ASSET_MONETISATION_AND_DELEVERAGING
COALINDIA,2021-03,ASSET_MONETISATION_AND_DELEVERAGING
COALINDIA,2022-03,SELF_FUNDED_REINVESTMENT
COALINDIA,2023-03,SELF_FUNDED_REINVESTMENT
COALINDIA,2024-03,SELF_FUNDED_REINVESTMENT
DABUR,2013-03,SELF_FUNDED_REINVESTMENT
DABUR,2014-03,SELF_FUNDED_REINVESTMENT
DABUR,2015-03,SELF_FUNDED_REINVESTMENT
DABUR,2016-03,SELF_FUNDED_REINVESTMENT
DABUR,2017-03,SELF_FUNDED_REINVESTMENT
DABUR,2018-03,SELF_FUNDED_REINVESTMENT
DABUR,2019-03,ASSET_MONETISATION_AND_DELEVERAGING
DABUR,2020-03,SELF_FUNDED_REINVESTMENT
DABUR,2021-03,SELF_FUNDED_REINVESTMENT
DABUR,2022-03,SELF_FUNDED_REINVESTMENT
DABUR,2023-03,SELF_FUNDED_REINVESTMENT
DABUR,2024-03,SELF_FUNDED_REINVESTMENT
DIVISLAB,2013-03,SELF_FUNDED_REINVESTMENT
DIVISLAB,2014-03,SELF_FUNDED_REINVESTMENT
DIVISLAB,2015-03,SELF_FUNDED_REINVESTMENT
DIVISLAB,2016-03,SELF_FUNDED_REINVESTMENT
DIVISLAB,2017-03,EXPANSION_WITH_EXTERNAL_CAPITAL
DIVISLAB,2018-03,SELF_FUNDED_REINVESTMENT
DIVISLAB,2019-03,SELF_FUNDED_REINVESTMENT
DIVISLAB,2020-03,SELF_FUNDED_REINVESTMENT
DIVISLAB,2021-03,ASSET_MONETISATION_AND_DELEVERAGING
DIVISLAB,2022-03,SELF_FUNDED_REINVESTMENT
DIVISLAB,2023-03,SELF_FUNDED_REINVESTMENT
DIVISLAB,2024-03,SELF_FUNDED_REINVESTMENT
DLF,2013-03,ASSET_MONETISATION_AND_DELEVERAGING
DLF,2014-03,ASSET_MONETISATION_AND_DELEVERAGING
DLF,2015-03,ASSET_MONETISATION_AND_DELEVERAGING
DLF,2016-03,SELF_FUNDED_REINVESTMENT
DLF,2017-03,RESTRUCTURING_WITH_EXTERNAL_SUPPORT
DLF,2018-03,SELF_FUNDED_REINVESTMENT
DLF,2019-03,CASH_ACCUMULATION
DLF,2020-03,ASSET_MONETISATION_AND_DELEVERAGING
DLF,2021-03,ASSET_MONETISATION_AND_DELEVERAGING
DLF,2022-03,ASSET_MONETISATION_AND_DELEVERAGING
DLF,2023-03,SELF_FUNDED_REINVESTMENT
DLF,2024-03,EXPANSION_WITH_EXTERNAL_CAPITAL
DMART,2013-03,EXPANSION_WITH_EXTERNAL_CAPITAL
DMART,2014-03,EXPANSION_WITH_EXTERNAL_CAPITAL
DMART,2015-03,EXPANSION_WITH_EXTERNAL_CAPITAL
DMART,2016-03,EXPANSION_WITH_EXTERNAL_CAPITAL
DMART,2017-03,EXPANSION_WITH_EXTERNAL_CAPITAL
DMART,2018-03,ASSET_MONETISATION_AND_DELEVERAGING
DMART,2019-03,EXPANSION_WITH_EXTERNAL_CAPITAL
DMART,2020-03,EXPANSION_WITH_EXTERNAL_CAPITAL
DMART,2021-03,SELF_FUNDED_REINVESTMENT
DMART,2022-03,SELF_FUNDED_REINVESTMENT
DMART,2023-03,SELF_FUNDED_REINVESTMENT
DMART,2024-03,SELF_FUNDED_REINVESTMENT
DRREDDY,2013-03,SELF_FUNDED_REINVESTMENT
DRREDDY,2014-03,SELF_FUNDED_REINVESTMENT
DRREDDY,2015-03,SELF_FUNDED_REINVESTMENT
DRREDDY,2016-03,SELF_FUNDED_REINVESTMENT
DRREDDY,2017-03,SELF_FUNDED_REINVESTMENT
DRREDDY,2018-03,SELF_FUNDED_REINVESTMENT
DRREDDY,2019-03,SELF_FUNDED_REINVESTMENT
DRREDDY,2020-03,SELF_FUNDED_REINVESTMENT
DRREDDY,2021-03,SELF_FUNDED_REINVESTMENT
DRREDDY,2022-03,SELF_FUNDED_REINVESTMENT
DRREDDY,2023-03,SELF_FUNDED_REINVESTMENT
DRREDDY,2024-03,SELF_FUNDED_REINVESTMENT
EICHERMOT,2012-12,SELF_FUNDED_REINVESTMENT
EICHERMOT,2013-12,SELF_FUNDED_REINVESTMENT
EICHERMOT,2014-12,SELF_FUNDED_REINVESTMENT
EICHERMOT,2016-03,SELF_FUNDED_REINVESTMENT
EICHERMOT,2017-03,EXPANSION_WITH_EXTERNAL_CAPITAL
EICHERMOT,2018-03,SELF_FUNDED_REINVESTMENT
EICHERMOT,2019-03,SELF_FUNDED_REINVESTMENT
EICHERMOT,2020-03,SELF_FUNDED_REINVESTMENT
EICHERMOT,2021-03,SELF_FUNDED_REINVESTMENT
EICHERMOT,2022-03,SELF_FUNDED_REINVESTMENT
EICHERMOT,2023-03,SELF_FUNDED_REINVESTMENT
EICHERMOT,2024-03,SELF_FUNDED_REINVESTMENT
GAIL,2013-03,EXPANSION_WITH_EXTERNAL_CAPITAL
GAIL,2014-03,SELF_FUNDED_REINVESTMENT
GAIL,2015-03,SELF_FUNDED_REINVESTMENT
GAIL,2016-03,SELF_FUNDED_REINVESTMENT
GAIL,2017-03,SELF_FUNDED_REINVESTMENT
GAIL,2018-03,SELF_FUNDED_REINVESTMENT
GAIL,2019-03,SELF_FUNDED_REINVESTMENT
GAIL,2020-03,EXPANSION_WITH_EXTERNAL_CAPITAL
GAIL,2021-03,SELF_FUNDED_REINVESTMENT
GAIL,2022-03,SELF_FUNDED_REINVESTMENT
GAIL,2023-03,EXPANSION_WITH_EXTERNAL_CAPITAL
GAIL,2024-03,SELF_FUNDED_REINVESTMENT
GODREJCP,2013-03,EXPANSION_WITH_EXTERNAL_CAPITAL
GODREJCP,2014-03,SELF_FUNDED_REINVESTMENT
GODREJCP,2015-03,SELF_FUNDED_REINVESTMENT
GODREJCP,2016-03,SELF_FUNDED_REINVESTMENT
GODREJCP,2017-03,EXPANSION_WITH_EXTERNAL_CAPITAL
GODREJCP,2018-03,SELF_FUNDED_REINVESTMENT
GODREJCP,2019-03,ASSET_MONETISATION_AND_DELEVERAGING
GODREJCP,2020-03,SELF_FUNDED_REINVESTMENT
GODREJCP,2021-03,SELF_FUNDED_REINVESTMENT
GODREJCP,2022-03,SELF_FUNDED_REINVESTMENT
GODREJCP,2023-03,SELF_FUNDED_REINVESTMENT
GODREJCP,2024-03,EXPANSION_WITH_EXTERNAL_CAPITAL
GRASIM,2013-03,EXPANSION_WITH_EXTERNAL_CAPITAL
GRASIM,2014-03,SELF_FUNDED_REINVESTMENT
GRASIM,2015-03,SELF_FUNDED_REINVESTMENT
GRASIM,2016-03,SELF_FUNDED_REINVESTMENT
GRASIM,2017-03,SELF_FUNDED_REINVESTMENT
GRASIM,2018-03,RESTRUCTURING_WITH_EXTERNAL_SUPPORT
GRASIM,2019-03,EXTERNALLY_FUNDED_INVESTMENT
GRASIM,2020-03,SELF_FUNDED_REINVESTMENT
GRASIM,2021-03,SELF_FUNDED_REINVESTMENT
GRASIM,2022-03,SELF_FUNDED_REINVESTMENT
GRASIM,2023-03,EXTERNALLY_FUNDED_INVESTMENT
GRASIM,2024-03,EXTERNALLY_FUNDED_INVESTMENT
HAL,2013-03,NO_DATA
HAL,2014-03,NO_DATA
HAL,2015-03,NO_DATA
HAL,2016-03,NO_DATA
HAL,2017-03,ASSET_SALES_FUNDING_OPERATIONS
HAL,2018-03,ASSET_SALES_FUNDING_OPERATIONS
HAL,2019-03,RESTRUCTURING_WITH_EXTERNAL_SUPPORT
HAL,2020-03,EXPANSION_WITH_EXTERNAL_CAPITAL
HAL,2021-03,SELF_FUNDED_REINVESTMENT
HAL,2022-03,SELF_FUNDED_REINVESTMENT
HAL,2023-03,SELF_FUNDED_REINVESTMENT
HAL,2024-03,SELF_FUNDED_REINVESTMENT
HAVELLS,2013-03,SELF_FUNDED_REINVESTMENT
HAVELLS,2014-03,SELF_FUNDED_REINVESTMENT
HAVELLS,2015-03,SELF_FUNDED_REINVESTMENT
HAVELLS,2016-03,SELF_FUNDED_REINVESTMENT
HAVELLS,2017-03,SELF_FUNDED_REINVESTMENT
HAVELLS,2018-03,SELF_FUNDED_REINVESTMENT
HAVELLS,2019-03,ASSET_MONETISATION_AND_DELEVERAGING
HAVELLS,2020-03,SELF_FUNDED_REINVESTMENT
HAVELLS,2021-03,EXPANSION_WITH_EXTERNAL_CAPITAL
HAVELLS,2022-03,SELF_FUNDED_REINVESTMENT
HAVELLS,2023-03,ASSET_MONETISATION_AND_DELEVERAGING
HAVELLS,2024-03,SELF_FUNDED_REINVESTMENT
HCLTECH,2013-06,SELF_FUNDED_REINVESTMENT
HCLTECH,2014-06,SELF_FUNDED_REINVESTMENT
HCLTECH,2015-06,SELF_FUNDED_REINVESTMENT
HCLTECH,2016-03,SELF_FUNDED_REINVESTMENT
HCLTECH,2017-03,SELF_FUNDED_REINVESTMENT
HCLTECH,2018-03,SELF_FUNDED_REINVESTMENT
HCLTECH,2019-03,SELF_FUNDED_REINVESTMENT
HCLTECH,2020-03,SELF_FUNDED_REINVESTMENT
HCLTECH,2021-03,SELF_FUNDED_REINVESTMENT
HCLTECH,2022-03,ASSET_MONETISATION_AND_DELEVERAGING
HCLTECH,2023-03,SELF_FUNDED_REINVESTMENT
HCLTECH,2024-03,SELF_FUNDED_REINVESTMENT
HDFCBANK,2013-03,EXTERNALLY_FUNDED_INVESTMENT
HDFCBANK,2014-03,EXPANSION_WITH_EXTERNAL_CAPITAL
HDFCBANK,2015-03,EXTERNALLY_FUNDED_INVESTMENT
HDFCBANK,2016-03,EXTERNALLY_FUNDED_INVESTMENT
HDFCBANK,2017-03,SELF_FUNDED_REINVESTMENT
HDFCBANK,2018-03,EXPANSION_WITH_EXTERNAL_CAPITAL
HDFCBANK,2019-03,EXTERNALLY_FUNDED_INVESTMENT
HDFCBANK,2020-03,EXTERNALLY_FUNDED_INVESTMENT
HDFCBANK,2021-03,SELF_FUNDED_REINVESTMENT
HDFCBANK,2022-03,EXTERNALLY_FUNDED_INVESTMENT
HDFCBANK,2023-03,EXPANSION_WITH_EXTERNAL_CAPITAL
HDFCBANK,2024-03,ASSET_MONETISATION_AND_DELEVERAGING
HDFCLIFE,2013-03,NO_DATA
HDFCLIFE,2014-03,NO_DATA
HDFCLIFE,2015-03,SELF_FUNDED_REINVESTMENT
HDFCLIFE,2016-03,SELF_FUNDED_REINVESTMENT
HDFCLIFE,2017-03,SELF_FUNDED_REINVESTMENT
HDFCLIFE,2018-03,SELF_FUNDED_REINVESTMENT
HDFCLIFE,2019-03,SELF_FUNDED_REINVESTMENT
HDFCLIFE,2020-03,EXPANSION_WITH_EXTERNAL_CAPITAL
HDFCLIFE,2021-03,EXPANSION_WITH_EXTERNAL_CAPITAL
HDFCLIFE,2022-03,SELF_FUNDED_REINVESTMENT
HDFCLIFE,2023-03,EXPANSION_WITH_EXTERNAL_CAPITAL
HDFCLIFE,2024-03,SELF_FUNDED_REINVESTMENT
HEROMOTOCO,2014-03,SELF_FUNDED_REINVESTMENT
HEROMOTOCO,2015-03,ASSET_MONETISATION_AND_DELEVERAGING
HEROMOTOCO,2016-03,SELF_FUNDED_REINVESTMENT
HEROMOTOCO,2017-03,SELF_FUNDED_REINVESTMENT
HEROMOTOCO,2018-03,SELF_FUNDED_REINVESTMENT
HEROMOTOCO,2019-03,ASSET_MONETISATION_AND_DELEVERAGING
HEROMOTOCO,2020-03,SELF_FUNDED_REINVESTMENT
HEROMOTOCO,2021-03,SELF_FUNDED_REINVESTMENT
HEROMOTOCO,2022-03,SELF_FUNDED_REINVESTMENT
HEROMOTOCO,2023-03,SELF_FUNDED_REINVESTMENT
HEROMOTOCO,2024-03,SELF_FUNDED_REINVESTMENT
HINDALCO,2013-03,EXPANSION_WITH_EXTERNAL_CAPITAL
HINDALCO,2014-03,EXPANSION_WITH_EXTERNAL_CAPITAL
HINDALCO,2015-03,SELF_FUNDED_REINVESTMENT
HINDALCO,2016-03,SELF_FUNDED_REINVESTMENT
HINDALCO,2017-03,SELF_FUNDED_REINVESTMENT
HINDALCO,2018-03,ASSET_MONETISATION_AND_DELEVERAGING
HINDALCO,2019-03,SELF_FUNDED_REINVESTMENT
HINDALCO,2020-03,EXPANSION_WITH_EXTERNAL_CAPITAL
HINDALCO,2021-03,SELF_FUNDED_REINVESTMENT
HINDALCO,2022-03,SELF_FUNDED_REINVESTMENT
HINDALCO,2023-03,SELF_FUNDED_REINVESTMENT
HINDALCO,2024-03,SELF_FUNDED_REINVESTMENT
HINDUNILVR,2013-03,ASSET_MONETISATION_AND_DELEVERAGING
HINDUNILVR,2014-03,SELF_FUNDED_REINVESTMENT
HINDUNILVR,2015-03,ASSET_MONETISATION_AND_DELEVERAGING
HINDUNILVR,2016-03,SELF_FUNDED_REINVESTMENT
HINDUNILVR,2017-03,SELF_FUNDED_REINVESTMENT
HINDUNILVR,2018-03,SELF_FUNDED_REINVESTMENT
HINDUNILVR,2019-03,SELF_FUNDED_REINVESTMENT
HINDUNILVR,2020-03,ASSET_MONETISATION_AND_DELEVERAGING
HINDUNILVR,2021-03,SELF_FUNDED_REINVESTMENT
HINDUNILVR,2022-03,SELF_FUNDED_REINVESTMENT
HINDUNILVR,2023-03,SELF_FUNDED_REINVESTMENT
HINDUNILVR,2024-03,SELF_FUNDED_REINVESTMENT
ICICIBANK,2013-03,EXPANSION_WITH_EXTERNAL_CAPITAL
ICICIBANK,2014-03,EXPANSION_WITH_EXTERNAL_CAPITAL
ICICIBANK,2015-03,EXTERNALLY_FUNDED_INVESTMENT
ICICIBANK,2016-03,EXPANSION_WITH_EXTERNAL_CAPITAL
ICICIBANK,2017-03,SELF_FUNDED_REINVESTMENT
ICICIBANK,2018-03,EXPANSION_WITH_EXTERNAL_CAPITAL
ICICIBANK,2019-03,SELF_FUNDED_REINVESTMENT
ICICIBANK,2020-03,EXPANSION_WITH_EXTERNAL_CAPITAL
ICICIBANK,2021-03,SELF_FUNDED_REINVESTMENT
ICICIBANK,2022-03,EXPANSION_WITH_EXTERNAL_CAPITAL
ICICIBANK,2023-03,EXTERNALLY_FUNDED_INVESTMENT
ICICIBANK,2024-03,EXPANSION_WITH_EXTERNAL_CAPITAL
ICICIGI,2013-03,EXPANSION_WITH_EXTERNAL_CAPITAL
ICICIGI,2014-03,EXPANSION_WITH_EXTERNAL_CAPITAL
ICICIGI,2015-03,ASSET_SALES_FUNDING_OPERATIONS
ICICIGI,2016-03,SELF_FUNDED_REINVESTMENT
ICICIGI,2017-03,EXPANSION_WITH_EXTERNAL_CAPITAL
ICICIGI,2018-03,SELF_FUNDED_REINVESTMENT
ICICIGI,2019-03,SELF_FUNDED_REINVESTMENT
ICICIGI,2020-03,SELF_FUNDED_REINVESTMENT
ICICIGI,2021-03,SELF_FUNDED_REINVESTMENT
ICICIGI,2022-03,ASSET_MONETISATION_AND_DELEVERAGING
ICICIGI,2023-03,SELF_FUNDED_REINVESTMENT
ICICIGI,2024-03,SELF_FUNDED_REINVESTMENT
ICICIPRULI,2013-03,ASSET_SALES_FUNDING_OPERATIONS
ICICIPRULI,2014-03,ASSET_SALES_FUNDING_OPERATIONS
ICICIPRULI,2015-03,SELF_FUNDED_REINVESTMENT
ICICIPRULI,2016-03,ASSET_MONETISATION_AND_DELEVERAGING
ICICIPRULI,2017-03,SELF_FUNDED_REINVESTMENT
ICICIPRULI,2018-03,SELF_FUNDED_REINVESTMENT
ICICIPRULI,2019-03,SELF_FUNDED_REINVESTMENT
ICICIPRULI,2020-03,SELF_FUNDED_REINVESTMENT
ICICIPRULI,2021-03,EXPANSION_WITH_EXTERNAL_CAPITAL
ICICIPRULI,2022-03,SELF_FUNDED_REINVESTMENT
ICICIPRULI,2023-03,SELF_FUNDED_REINVESTMENT
ICICIPRULI,2024-03,ASSET_SALES_FUNDING_OPERATIONS
INDIGO,2013-03,EXPANSION_WITH_EXTERNAL_CAPITAL
INDIGO,2014-03,EXPANSION_WITH_EXTERNAL_CAPITAL
INDIGO,2015-03,SELF_FUNDED_REINVESTMENT
INDIGO,2016-03,SELF_FUNDED_REINVESTMENT
INDIGO,2017-03,SELF_FUNDED_REINVESTMENT
INDIGO,2018-03,EXPANSION_WITH_EXTERNAL_CAPITAL
INDIGO,2019-03,SELF_FUNDED_REINVESTMENT
INDIGO,2020-03,SELF_FUNDED_REINVESTMENT
INDIGO,2021-03,ASSET_SALES_FUNDING_OPERATIONS
INDIGO,2022-03,ASSET_MONETISATION_AND_DELEVERAGING
INDIGO,2023-03,SELF_FUNDED_REINVESTMENT
INDIGO,2024-03,SELF_FUNDED_REINVESTMENT
INDUSINDBK,2013-03,EXTERNALLY_FUNDED_INVESTMENT
INDUSINDBK,2014-03,EXTERNALLY_FUNDED_INVESTMENT
INDUSINDBK,2015-03,EXTERNALLY_FUNDED_INVESTMENT
INDUSINDBK,2016-03,EXTERNALLY_FUNDED_INVESTMENT
INDUSINDBK,2017-03,SELF_FUNDED_REINVESTMENT
INDUSINDBK,2018-03,EXTERNALLY_FUNDED_INVESTMENT
INDUSINDBK,2019-03,EXTERNALLY_FUNDED_INVESTMENT
INDUSINDBK,2020-03,RESTRUCTURING_WITH_EXTERNAL_SUPPORT
INDUSINDBK,2021-03,SELF_FUNDED_REINVESTMENT
INDUSINDBK,2022-03,SELF_FUNDED_REINVESTMENT
INDUSINDBK,2023-03,EXTERNALLY_FUNDED_INVESTMENT
INDUSINDBK,2024-03,CASH_BURN_AND_CONTRACTION
INFY,2013-03,SELF_FUNDED_REINVESTMENT
INFY,2014-03,SELF_FUNDED_REINVESTMENT
INFY,2015-03,ASSET_MONETISATION_AND_DELEVERAGING
INFY,2016-03,SELF_FUNDED_REINVESTMENT
INFY,2017-03,SELF_FUNDED_REINVESTMENT
INFY,2018-03,ASSET_MONETISATION_AND_DELEVERAGING
INFY,2019-03,SELF_FUNDED_REINVESTMENT
INFY,2020-03,SELF_FUNDED_REINVESTMENT
INFY,2021-03,SELF_FUNDED_REINVESTMENT
INFY,2022-03,SELF_FUNDED_REINVESTMENT
INFY,2023-03,SELF_FUNDED_REINVESTMENT
INFY,2024-03,SELF_FUNDED_REINVESTMENT
IOC,2013-03,EXPANSION_WITH_EXTERNAL_CAPITAL
IOC,2014-03,SELF_FUNDED_REINVESTMENT
IOC,2015-03,SELF_FUNDED_REINVESTMENT
IOC,2016-03,SELF_FUNDED_REINVESTMENT
IOC,2017-03,SELF_FUNDED_REINVESTMENT
IOC,2018-03,SELF_FUNDED_REINVESTMENT
IOC,2019-03,EXPANSION_WITH_EXTERNAL_CAPITAL
IOC,2020-03,EXPANSION_WITH_EXTERNAL_CAPITAL
IOC,2021-03,SELF_FUNDED_REINVESTMENT
IOC,2022-03,SELF_FUNDED_REINVESTMENT
IOC,2023-03,SELF_FUNDED_REINVESTMENT
IOC,2024-03,SELF_FUNDED_REINVESTMENT
IRCTC,2015-03,SELF_FUNDED_REINVESTMENT
IRCTC,2016-03,ASSET_MONETISATION_AND_DELEVERAGING
IRCTC,2017-03,ASSET_MONETISATION_AND_DELEVERAGING
IRCTC,2018-03,ASSET_MONETISATION_AND_DELEVERAGING
IRCTC,2019-03,SELF_FUNDED_REINVESTMENT
IRCTC,2020-03,ASSET_MONETISATION_AND_DELEVERAGING
IRCTC,2021-03,SELF_FUNDED_REINVESTMENT
IRCTC,2022-03,SELF_FUNDED_REINVESTMENT
IRCTC,2023-03,SELF_FUNDED_REINVESTMENT
IRCTC,2024-03,SELF_FUNDED_REINVESTMENT
IRFC,2013-03,NO_DATA
IRFC,2014-03,NO_DATA
IRFC,2015-03,NO_DATA
IRFC,2016-03,RESTRUCTURING_WITH_EXTERNAL_SUPPORT
IRFC,2017-03,RESTRUCTURING_WITH_EXTERNAL_SUPPORT
IRFC,2018-03,RESTRUCTURING_WITH_EXTERNAL_SUPPORT
IRFC,2019-03,RESTRUCTURING_WITH_EXTERNAL_SUPPORT
IRFC,2020-03,RESTRUCTURING_WITH_EXTERNAL_SUPPORT
IRFC,2021-03,RESTRUCTURING_WITH_EXTERNAL_SUPPORT
IRFC,2022-03,EXTERNALLY_FUNDED_INVESTMENT
IRFC,2023-03,RESTRUCTURING_WITH_EXTERNAL_SUPPORT
IRFC,2024-03,SELF_FUNDED_REINVESTMENT
ITC,2013-03,SELF_FUNDED_REINVESTMENT
ITC,2014-03,SELF_FUNDED_REINVESTMENT
ITC,2015-03,SELF_FUNDED_REINVESTMENT
ITC,2016-03,SELF_FUNDED_REINVESTMENT
ITC,2017-03,SELF_FUNDED_REINVESTMENT
ITC,2018-03,SELF_FUNDED_REINVESTMENT
ITC,2019-03,SELF_FUNDED_REINVESTMENT
ITC,2020-03,SELF_FUNDED_REINVESTMENT
ITC,2021-03,ASSET_MONETISATION_AND_DELEVERAGING
ITC,2022-03,SELF_FUNDED_REINVESTMENT
ITC,2023-03,SELF_FUNDED_REINVESTMENT
ITC,2024-03,ASSET_MONETISATION_AND_DELEVERAGING
JINDALSTEL,2013-03,EXPANSION_WITH_EXTERNAL_CAPITAL
JINDALSTEL,2014-03,EXPANSION_WITH_EXTERNAL_CAPITAL
JINDALSTEL,2015-03,EXPANSION_WITH_EXTERNAL_CAPITAL
JINDALSTEL,2016-03,SELF_FUNDED_REINVESTMENT
JINDALSTEL,2017-03,SELF_FUNDED_REINVESTMENT
JINDALSTEL,2018-03,SELF_FUNDED_REINVESTMENT
JINDALSTEL,2019-03,SELF_FUNDED_REINVESTMENT
JINDALSTEL,2020-03,SELF_FUNDED_REINVESTMENT
JINDALSTEL,2021-03,SELF_FUNDED_REINVESTMENT
JINDALSTEL,2022-03,SELF_FUNDED_REINVESTMENT
JINDALSTEL,2023-03,SELF_FUNDED_REINVESTMENT
JINDALSTEL,2024-03,EXPANSION_WITH_EXTERNAL_CAPITAL
JIOFIN,2023-03,SELF_FUNDED_REINVESTMENT
JIOFIN,2024-03,ASSET_SALES_FUNDING_OPERATIONS
JSWENERGY,2013-03,SELF_FUNDED_REINVESTMENT
JSWENERGY,2014-03,SELF_FUNDED_REINVESTMENT
JSWENERGY,2015-03,SELF_FUNDED_REINVESTMENT
JSWENERGY,2016-03,SELF_FUNDED_REINVESTMENT
JSWENERGY,2017-03,SELF_FUNDED_REINVESTMENT
JSWENERGY,2018-03,SELF_FUNDED_REINVESTMENT
JSWENERGY,2019-03,SELF_FUNDED_REINVESTMENT
JSWENERGY,2020-03,ASSET_MONETISATION_AND_DELEVERAGING
JSWENERGY,2021-03,SELF_FUNDED_REINVESTMENT
JSWENERGY,2022-03,SELF_FUNDED_REINVESTMENT
JSWENERGY,2023-03,EXPANSION_WITH_EXTERNAL_CAPITAL
JSWENERGY,2024-03,EXPANSION_WITH_EXTERNAL_CAPITAL
JSWSTEEL,2013-03,SELF_FUNDED_REINVESTMENT
JSWSTEEL,2014-03,EXPANSION_WITH_EXTERNAL_CAPITAL
JSWSTEEL,2015-03,SELF_FUNDED_REINVESTMENT
JSWSTEEL,2016-03,SELF_FUNDED_REINVESTMENT
JSWSTEEL,2017-03,SELF_FUNDED_REINVESTMENT
JSWSTEEL,2018-03,SELF_FUNDED_REINVESTMENT
JSWSTEEL,2019-03,EXPANSION_WITH_EXTERNAL_CAPITAL
JSWSTEEL,2020-03,EXPANSION_WITH_EXTERNAL_CAPITAL
JSWSTEEL,2021-03,SELF_FUNDED_REINVESTMENT
JSWSTEEL,2022-03,SELF_FUNDED_REINVESTMENT
JSWSTEEL,2023-03,SELF_FUNDED_REINVESTMENT
JSWSTEEL,2024-03,SELF_FUNDED_REINVESTMENT
KOTAKBANK,2013-03,EXPANSION_WITH_EXTERNAL_CAPITAL
KOTAKBANK,2014-03,SELF_FUNDED_REINVESTMENT
KOTAKBANK,2015-03,EXPANSION_WITH_EXTERNAL_CAPITAL
KOTAKBANK,2016-03,EXPANSION_WITH_EXTERNAL_CAPITAL
KOTAKBANK,2017-03,EXPANSION_WITH_EXTERNAL_CAPITAL
KOTAKBANK,2018-03,EXTERNALLY_FUNDED_INVESTMENT
KOTAKBANK,2019-03,EXPANSION_WITH_EXTERNAL_CAPITAL
KOTAKBANK,2020-03,SELF_FUNDED_REINVESTMENT
KOTAKBANK,2021-03,SELF_FUNDED_REINVESTMENT
KOTAKBANK,2022-03,EXPANSION_WITH_EXTERNAL_CAPITAL
KOTAKBANK,2023-03,EXTERNALLY_FUNDED_INVESTMENT
KOTAKBANK,2024-03,EXPANSION_WITH_EXTERNAL_CAPITAL
LICI,2019-03,ASSET_MONETISATION_AND_DELEVERAGING
LICI,2020-03,SELF_FUNDED_REINVESTMENT
LICI,2021-03,ASSET_MONETISATION_AND_DELEVERAGING
LICI,2022-03,RESTRUCTURING_WITH_EXTERNAL_SUPPORT
LICI,2023-03,SELF_FUNDED_REINVESTMENT
LICI,2024-03,SELF_FUNDED_REINVESTMENT
LODHA,2011-03,NO_DATA
LODHA,2012-03,NO_DATA
LODHA,2015-03,NO_DATA
LODHA,2016-03,EXPANSION_WITH_EXTERNAL_CAPITAL
LODHA,2017-03,SELF_FUNDED_REINVESTMENT
LODHA,2018-03,EXPANSION_WITH_EXTERNAL_CAPITAL
LODHA,2019-03,EXTERNALLY_FUNDED_INVESTMENT
LODHA,2020-03,ASSET_MONETISATION_AND_DELEVERAGING
LODHA,2021-03,ASSET_MONETISATION_AND_DELEVERAGING
LODHA,2022-03,ASSET_MONETISATION_AND_DELEVERAGING
LODHA,2023-03,ASSET_MONETISATION_AND_DELEVERAGING
LODHA,2024-03,EXPANSION_WITH_EXTERNAL_CAPITAL
LT,2013-03,EXTERNALLY_FUNDED_INVESTMENT
LT,2014-03,EXTERNALLY_FUNDED_INVESTMENT
LT,2015-03,EXTERNALLY_FUNDED_INVESTMENT
LT,2016-03,EXTERNALLY_FUNDED_INVESTMENT
LT,2017-03,EXPANSION_WITH_EXTERNAL_CAPITAL
LT,2018-03,RESTRUCTURING_WITH_EXTERNAL_SUPPORT
LT,2019-03,EXTERNALLY_FUNDED_INVESTMENT
LT,2020-03,EXPANSION_WITH_EXTERNAL_CAPITAL
LT,2021-03,SELF_FUNDED_REINVESTMENT
LT,2022-03,SELF_FUNDED_REINVESTMENT
LT,2023-03,SELF_FUNDED_REINVESTMENT
LT,2024-03,ASSET_MONETISATION_AND_DELEVERAGING
LTIM,2013-03,SELF_FUNDED_REINVESTMENT
LTIM,2014-03,ASSET_MONETISATION_AND_DELEVERAGING
LTIM,2015-03,SELF_FUNDED_REINVESTMENT
LTIM,2016-03,SELF_FUNDED_REINVESTMENT
LTIM,2017-03,SELF_FUNDED_REINVESTMENT
LTIM,2018-03,SELF_FUNDED_REINVESTMENT
LTIM,2019-03,SELF_FUNDED_REINVESTMENT
LTIM,2020-03,SELF_FUNDED_REINVESTMENT
LTIM,2021-03,SELF_FUNDED_REINVESTMENT
LTIM,2022-03,SELF_FUNDED_REINVESTMENT
LTIM,2023-03,SELF_FUNDED_REINVESTMENT
LTIM,2024-03,SELF_FUNDED_REINVESTMENT
M&M,2013-03,EXTERNALLY_FUNDED_INVESTMENT
M&M,2014-03,EXTERNALLY_FUNDED_INVESTMENT
M&M,2015-03,EXPANSION_WITH_EXTERNAL_CAPITAL
M&M,2016-03,EXPANSION_WITH_EXTERNAL_CAPITAL
M&M,2017-03,EXPANSION_WITH_EXTERNAL_CAPITAL
M&M,2018-03,EXPANSION_WITH_EXTERNAL_CAPITAL
M&M,2019-03,EXTERNALLY_FUNDED_INVESTMENT
M&M,2020-03,EXTERNALLY_FUNDED_INVESTMENT
M&M,2021-03,EXPANSION_WITH_EXTERNAL_CAPITAL
M&M,2022-03,SELF_FUNDED_REINVESTMENT
M&M,2023-03,EXTERNALLY_FUNDED_INVESTMENT
M&M,2024-03,EXTERNALLY_FUNDED_INVESTMENT
MARUTI,2013-03,SELF_FUNDED_REINVESTMENT
MARUTI,2014-03,SELF_FUNDED_REINVESTMENT
MARUTI,2015-03,SELF_FUNDED_REINVESTMENT
MARUTI,2016-03,SELF_FUNDED_REINVESTMENT
MARUTI,2017-03,SELF_FUNDED_REINVESTMENT
MARUTI,2018-03,SELF_FUNDED_REINVESTMENT
MARUTI,2019-03,SELF_FUNDED_REINVESTMENT
MARUTI,2020-03,SELF_FUNDED_REINVESTMENT
MARUTI,2021-03,SELF_FUNDED_REINVESTMENT
MARUTI,2022-03,SELF_FUNDED_REINVESTMENT
MARUTI,2023-03,SELF_FUNDED_REINVESTMENT
MARUTI,2024-03,SELF_FUNDED_REINVESTMENT
MOTHERSON,2013-03,SELF_FUNDED_REINVESTMENT
MOTHERSON,2014-03,SELF_FUNDED_REINVESTMENT
MOTHERSON,2015-03,EXPANSION_WITH_EXTERNAL_CAPITAL
MOTHERSON,2016-03,SELF_FUNDED_REINVESTMENT
MOTHERSON,2017-03,EXPANSION_WITH_EXTERNAL_CAPITAL
MOTHERSON,2018-03,SELF_FUNDED_REINVESTMENT
MOTHERSON,2019-03,SELF_FUNDED_REINVESTMENT
MOTHERSON,2020-03,SELF_FUNDED_REINVESTMENT
MOTHERSON,2021-03,SELF_FUNDED_REINVESTMENT
MOTHERSON,2022-03,SELF_FUNDED_REINVESTMENT
MOTHERSON,2023-03,SELF_FUNDED_REINVESTMENT
MOTHERSON,2024-03,EXPANSION_WITH_EXTERNAL_CAPITAL
NAUKRI,2013-03,SELF_FUNDED_REINVESTMENT
NAUKRI,2014-03,EXPANSION_WITH_EXTERNAL_CAPITAL
NAUKRI,2015-03,EXPANSION_WITH_EXTERNAL_CAPITAL
NAUKRI,2016-03,SELF_FUNDED_REINVESTMENT
NAUKRI,2017-03,SELF_FUNDED_REINVESTMENT
NAUKRI,2018-03,SELF_FUNDED_REINVESTMENT
NAUKRI,2019-03,SELF_FUNDED_REINVESTMENT
NAUKRI,2020-03,ASSET_MONETISATION_AND_DELEVERAGING
NAUKRI,2021-03,EXPANSION_WITH_EXTERNAL_CAPITAL
NAUKRI,2022-03,EXPANSION_WITH_EXTERNAL_CAPITAL
NAUKRI,2023-03,EXPANSION_WITH_EXTERNAL_CAPITAL
NAUKRI,2024-03,EXPANSION_WITH_EXTERNAL_CAPITAL
NESTLEIND,2013-12,SELF_FUNDED_REINVESTMENT
NESTLEIND,2014-12,SELF_FUNDED_REINVESTMENT
NESTLEIND,2015-12,SELF_FUNDED_REINVESTMENT
NESTLEIND,2016-12,SELF_FUNDED_REINVESTMENT
NESTLEIND,2017-12,SELF_FUNDED_REINVESTMENT
NESTLEIND,2018-12,SELF_FUNDED_REINVESTMENT
NESTLEIND,2019-12,ASSET_MONETISATION_AND_DELEVERAGING
NESTLEIND,2020-12,SELF_FUNDED_REINVESTMENT
NESTLEIND,2021-12,SELF_FUNDED_REINVESTMENT
NESTLEIND,2022-12,SELF_FUNDED_REINVESTMENT
NESTLEIND,2023-12,SELF_FUNDED_REINVESTMENT
NESTLEIND,2024-03,SELF_FUNDED_REINVESTMENT
NHPC,2013-03,SELF_FUNDED_REINVESTMENT
NHPC,2014-03,SELF_FUNDED_REINVESTMENT
NHPC,2015-03,SELF_FUNDED_REINVESTMENT
NHPC,2016-03,SELF_FUNDED_REINVESTMENT
NHPC,2017-03,SELF_FUNDED_REINVESTMENT
NHPC,2018-03,SELF_FUNDED_REINVESTMENT
NHPC,2019-03,SELF_FUNDED_REINVESTMENT
NHPC,2020-03,EXPANSION_WITH_EXTERNAL_CAPITAL
NHPC,2021-03,SELF_FUNDED_REINVESTMENT
NHPC,2022-03,SELF_FUNDED_REINVESTMENT
NHPC,2023-03,SELF_FUNDED_REINVESTMENT
NHPC,2024-03,SELF_FUNDED_REINVESTMENT
NTPC,2013-03,EXPANSION_WITH_EXTERNAL_CAPITAL
NTPC,2014-03,SELF_FUNDED_REINVESTMENT
NTPC,2015-03,SELF_FUNDED_REINVESTMENT
NTPC,2016-03,SELF_FUNDED_REINVESTMENT
NTPC,2017-03,EXPANSION_WITH_EXTERNAL_CAPITAL
NTPC,2018-03,EXPANSION_WITH_EXTERNAL_CAPITAL
NTPC,2019-03,EXPANSION_WITH_EXTERNAL_CAPITAL
NTPC,2020-03,EXPANSION_WITH_EXTERNAL_CAPITAL
NTPC,2021-03,SELF_FUNDED_REINVESTMENT
NTPC,2022-03,SELF_FUNDED_REINVESTMENT
NTPC,2023-03,SELF_FUNDED_REINVESTMENT
NTPC,2024-03,SELF_FUNDED_REINVESTMENT
ONGC,2013-03,SELF_FUNDED_REINVESTMENT
ONGC,2014-03,EXPANSION_WITH_EXTERNAL_CAPITAL
ONGC,2015-03,SELF_FUNDED_REINVESTMENT
ONGC,2016-03,SELF_FUNDED_REINVESTMENT
ONGC,2017-03,SELF_FUNDED_REINVESTMENT
ONGC,2018-03,EXPANSION_WITH_EXTERNAL_CAPITAL
ONGC,2019-03,SELF_FUNDED_REINVESTMENT
ONGC,2020-03,SELF_FUNDED_REINVESTMENT
ONGC,2021-03,SELF_FUNDED_REINVESTMENT
ONGC,2022-03,SELF_FUNDED_REINVESTMENT
ONGC,2023-03,SELF_FUNDED_REINVESTMENT
ONGC,2024-03,SELF_FUNDED_REINVESTMENT
PFC,2013-03,RESTRUCTURING_WITH_EXTERNAL_SUPPORT
PFC,2014-03,RESTRUCTURING_WITH_EXTERNAL_SUPPORT
PFC,2015-03,EXTERNALLY_FUNDED_INVESTMENT
PFC,2016-03,EXTERNALLY_FUNDED_INVESTMENT
PFC,2017-03,EXPANSION_WITH_EXTERNAL_CAPITAL
PFC,2018-03,RESTRUCTURING_WITH_EXTERNAL_SUPPORT
PFC,2019-03,EXTERNALLY_FUNDED_INVESTMENT
PFC,2020-03,EXTERNALLY_FUNDED_INVESTMENT
PFC,2021-03,RESTRUCTURING_WITH_EXTERNAL_SUPPORT
PFC,2022-03,SELF_FUNDED_REINVESTMENT
PFC,2023-03,EXTERNALLY_FUNDED_INVESTMENT
PFC,2024-03,EXTERNALLY_FUNDED_INVESTMENT
PIDILITIND,2013-03,SELF_FUNDED_REINVESTMENT
PIDILITIND,2014-03,SELF_FUNDED_REINVESTMENT
PIDILITIND,2015-03,SELF_FUNDED_REINVESTMENT
PIDILITIND,2016-03,SELF_FUNDED_REINVESTMENT
PIDILITIND,2017-03,EXPANSION_WITH_EXTERNAL_CAPITAL
PIDILITIND,2018-03,ASSET_MONETISATION_AND_DELEVERAGING
PIDILITIND,2019-03,SELF_FUNDED_REINVESTMENT
PIDILITIND,2020-03,ASSET_MONETISATION_AND_DELEVERAGING
PIDILITIND,2021-03,SELF_FUNDED_REINVESTMENT
PIDILITIND,2022-03,SELF_FUNDED_REINVESTMENT
PIDILITIND,2023-03,SELF_FUNDED_REINVESTMENT
PIDILITIND,2024-03,SELF_FUNDED_REINVESTMENT
PNB,2013-03,CASH_BURN_AND_CONTRACTION
PNB,2014-03,EXPANSION_WITH_EXTERNAL_CAPITAL
PNB,2015-03,EXPANSION_WITH_EXTERNAL_CAPITAL
PNB,2016-03,EXPANSION_WITH_EXTERNAL_CAPITAL
PNB,2017-03,ASSET_MONETISATION_AND_DELEVERAGING
PNB,2018-03,RESTRUCTURING_WITH_EXTERNAL_SUPPORT
PNB,2019-03,EXTERNALLY_FUNDED_INVESTMENT
PNB,2020-03,EXTERNALLY_FUNDED_INVESTMENT
PNB,2021-03,EXPANSION_WITH_EXTERNAL_CAPITAL
PNB,2022-03,EXPANSION_WITH_EXTERNAL_CAPITAL
PNB,2023-03,EXPANSION_WITH_EXTERNAL_CAPITAL
PNB,2024-03,EXTERNALLY_FUNDED_INVESTMENT
POWERGRID,2013-03,EXPANSION_WITH_EXTERNAL_CAPITAL
POWERGRID,2014-03,EXPANSION_WITH_EXTERNAL_CAPITAL
POWERGRID,2015-03,EXPANSION_WITH_EXTERNAL_CAPITAL
POWERGRID,2016-03,EXPANSION_WITH_EXTERNAL_CAPITAL
POWERGRID,2017-03,EXPANSION_WITH_EXTERNAL_CAPITAL
POWERGRID,2018-03,EXPANSION_WITH_EXTERNAL_CAPITAL
POWERGRID,2019-03,SELF_FUNDED_REINVESTMENT
POWERGRID,2020-03,SELF_FUNDED_REINVESTMENT
POWERGRID,2021-03,SELF_FUNDED_REINVESTMENT
POWERGRID,2022-03,ASSET_MONETISATION_AND_DELEVERAGING
POWERGRID,2023-03,SELF_FUNDED_REINVESTMENT
POWERGRID,2024-03,SELF_FUNDED_REINVESTMENT
RECLTD,2013-03,RESTRUCTURING_WITH_EXTERNAL_SUPPORT
RECLTD,2014-03,RESTRUCTURING_WITH_EXTERNAL_SUPPORT
RECLTD,2015-03,RESTRUCTURING_WITH_EXTERNAL_SUPPORT
RECLTD,2016-03,EXTERNALLY_FUNDED_INVESTMENT
RECLTD,2017-03,SELF_FUNDED_REINVESTMENT
RECLTD,2018-03,RESTRUCTURING_WITH_EXTERNAL_SUPPORT
RECLTD,2019-03,RESTRUCTURING_WITH_EXTERNAL_SUPPORT
RECLTD,2020-03,RESTRUCTURING_WITH_EXTERNAL_SUPPORT
RECLTD,2021-03,RESTRUCTURING_WITH_EXTERNAL_SUPPORT
RECLTD,2022-03,EXTERNALLY_FUNDED_INVESTMENT
RECLTD,2023-03,EXTERNALLY_FUNDED_INVESTMENT
RECLTD,2024-03,EXTERNALLY_FUNDED_INVESTMENT
RELIANCE,2013-03,EXPANSION_WITH_EXTERNAL_CAPITAL
RELIANCE,2014-03,EXPANSION_WITH_EXTERNAL_CAPITAL
RELIANCE,2015-03,EXPANSION_WITH_EXTERNAL_CAPITAL
RELIANCE,2016-03,SELF_FUNDED_REINVESTMENT
RELIANCE,2017-03,EXPANSION_WITH_EXTERNAL_CAPITAL
RELIANCE,2018-03,SELF_FUNDED_REINVESTMENT
RELIANCE,2019-03,EXPANSION_WITH_EXTERNAL_CAPITAL
RELIANCE,2020-03,SELF_FUNDED_REINVESTMENT
RELIANCE,2021-03,EXPANSION_WITH_EXTERNAL_CAPITAL
RELIANCE,2022-03,EXPANSION_WITH_EXTERNAL_CAPITAL
RELIANCE,2023-03,EXPANSION_WITH_EXTERNAL_CAPITAL
RELIANCE,2024-03,SELF_FUNDED_REINVESTMENT
SBILIFE,2013-03,SELF_FUNDED_REINVESTMENT
SBILIFE,2014-03,SELF_FUNDED_REINVESTMENT
SBILIFE,2015-03,SELF_FUNDED_REINVESTMENT
SBILIFE,2016-03,SELF_FUNDED_REINVESTMENT
SBILIFE,2017-03,SELF_FUNDED_REINVESTMENT
SBILIFE,2018-03,SELF_FUNDED_REINVESTMENT
SBILIFE,2019-03,SELF_FUNDED_REINVESTMENT
SBILIFE,2020-03,SELF_FUNDED_REINVESTMENT
SBILIFE,2021-03,EXPANSION_WITH_EXTERNAL_CAPITAL
SBILIFE,2022-03,SELF_FUNDED_REINVESTMENT
SBILIFE,2023-03,SELF_FUNDED_REINVESTMENT
SBILIFE,2024-03,SELF_FUNDED_REINVESTMENT
SBIN,2013-03,SELF_FUNDED_REINVESTMENT
SBIN,2014-03,EXPANSION_WITH_EXTERNAL_CAPITAL
SBIN,2015-03,SELF_FUNDED_REINVESTMENT
SBIN,2016-03,EXPANSION_WITH_EXTERNAL_CAPITAL
SBIN,2017-03,SELF_FUNDED_REINVESTMENT
SBIN,2018-03,RESTRUCTURING_WITH_EXTERNAL_SUPPORT
SBIN,2019-03,CASH_ACCUMULATION
SBIN,2020-03,EXPANSION_WITH_EXTERNAL_CAPITAL
SBIN,2021-03,EXPANSION_WITH_EXTERNAL_CAPITAL
SBIN,2022-03,SELF_FUNDED_REINVESTMENT
SBIN,2023-03,EXTERNALLY_FUNDED_INVESTMENT
SBIN,2024-03,SELF_FUNDED_REINVESTMENT
SHREECEM,2013-06,SELF_FUNDED_REINVESTMENT
SHREECEM,2014-06,SELF_FUNDED_REINVESTMENT
SHREECEM,2015-06,SELF_FUNDED_REINVESTMENT
SHREECEM,2016-03,SELF_FUNDED_REINVESTMENT
SHREECEM,2017-03,SELF_FUNDED_REINVESTMENT
SHREECEM,2018-03,EXPANSION_WITH_EXTERNAL_CAPITAL
SHREECEM,2019-03,SELF_FUNDED_REINVESTMENT
SHREECEM,2020-03,EXPANSION_WITH_EXTERNAL_CAPITAL
SHREECEM,2021-03,SELF_FUNDED_REINVESTMENT
SHREECEM,2022-03,SELF_FUNDED_REINVESTMENT
SHREECEM,2023-03,SELF_FUNDED_REINVESTMENT
SHREECEM,2024-03,SELF_FUNDED_REINVESTMENT
SHRIRAMFIN,2013-03,EXTERNALLY_FUNDED_INVESTMENT
SHRIRAMFIN,2014-03,EXTERNALLY_FUNDED_INVESTMENT
SHRIRAMFIN,2015-03,EXTERNALLY_FUNDED_INVESTMENT
SHRIRAMFIN,2016-03,EXTERNALLY_FUNDED_INVESTMENT
SHRIRAMFIN,2017-03,EXTERNALLY_FUNDED_INVESTMENT
SHRIRAMFIN,2018-03,RESTRUCTURING_WITH_EXTERNAL_SUPPORT
SHRIRAMFIN,2019-03,EXTERNALLY_FUNDED_INVESTMENT
SHRIRAMFIN,2020-03,EXTERNALLY_FUNDED_INVESTMENT
SHRIRAMFIN,2021-03,EXTERNALLY_FUNDED_INVESTMENT
SHRIRAMFIN,2022-03,EXTERNALLY_FUNDED_INVESTMENT
SHRIRAMFIN,2023-03,RESTRUCTURING_WITH_EXTERNAL_SUPPORT
SHRIRAMFIN,2024-03,EXTERNALLY_FUNDED_INVESTMENT
SIEMENS,2011-09,ASSET_MONETISATION_AND_DELEVERAGING
SIEMENS,2014-09,ASSET_MONETISATION_AND_DELEVERAGING
SIEMENS,2015-09,ASSET_MONETISATION_AND_DELEVERAGING
SIEMENS,2016-09,ASSET_MONETISATION_AND_DELEVERAGING
SIEMENS,2017-09,ASSET_MONETISATION_AND_DELEVERAGING
SIEMENS,2018-09,SELF_FUNDED_REINVESTMENT
SIEMENS,2019-09,SELF_FUNDED_REINVESTMENT
SIEMENS,2020-09,ASSET_MONETISATION_AND_DELEVERAGING
SIEMENS,2021-09,SELF_FUNDED_REINVESTMENT
SIEMENS,2022-09,SELF_FUNDED_REINVESTMENT
SIEMENS,2023-09,SELF_FUNDED_REINVESTMENT
SIEMENS,2024-09,SELF_FUNDED_REINVESTMENT
SUNPHARMA,2013-03,SELF_FUNDED_REINVESTMENT
SUNPHARMA,2014-03,EXPANSION_WITH_EXTERNAL_CAPITAL
SUNPHARMA,2015-03,SELF_FUNDED_REINVESTMENT
SUNPHARMA,2016-03,SELF_FUNDED_REINVESTMENT
SUNPHARMA,2017-03,SELF_FUNDED_REINVESTMENT
SUNPHARMA,2018-03,SELF_FUNDED_REINVESTMENT
SUNPHARMA,2019-03,SELF_FUNDED_REINVESTMENT
SUNPHARMA,2020-03,SELF_FUNDED_REINVESTMENT
SUNPHARMA,2021-03,ASSET_MONETISATION_AND_DELEVERAGING
SUNPHARMA,2022-03,SELF_FUNDED_REINVESTMENT
SUNPHARMA,2023-03,EXPANSION_WITH_EXTERNAL_CAPITAL
SUNPHARMA,2024-03,SELF_FUNDED_REINVESTMENT
TATACONSUM,2013-03,CASH_ACCUMULATION
TATACONSUM,2014-03,SELF_FUNDED_REINVESTMENT
TATACONSUM,2015-03,SELF_FUNDED_REINVESTMENT
TATACONSUM,2016-03,ASSET_MONETISATION_AND_DELEVERAGING
TATACONSUM,2017-03,ASSET_MONETISATION_AND_DELEVERAGING
TATACONSUM,2018-03,SELF_FUNDED_REINVESTMENT
TATACONSUM,2019-03,ASSET_MONETISATION_AND_DELEVERAGING
TATACONSUM,2020-03,SELF_FUNDED_REINVESTMENT
TATACONSUM,2021-03,SELF_FUNDED_REINVESTMENT
TATACONSUM,2022-03,SELF_FUNDED_REINVESTMENT
TATACONSUM,2023-03,SELF_FUNDED_REINVESTMENT
TATACONSUM,2024-03,EXPANSION_WITH_EXTERNAL_CAPITAL
TATAMOTORS,2013-03,SELF_FUNDED_REINVESTMENT
TATAMOTORS,2014-03,SELF_FUNDED_REINVESTMENT
TATAMOTORS,2015-03,EXPANSION_WITH_EXTERNAL_CAPITAL
TATAMOTORS,2016-03,SELF_FUNDED_REINVESTMENT
TATAMOTORS,2017-03,EXPANSION_WITH_EXTERNAL_CAPITAL
TATAMOTORS,2018-03,EXPANSION_WITH_EXTERNAL_CAPITAL
TATAMOTORS,2019-03,EXPANSION_WITH_EXTERNAL_CAPITAL
TATAMOTORS,2020-03,EXPANSION_WITH_EXTERNAL_CAPITAL
TATAMOTORS,2021-03,EXPANSION_WITH_EXTERNAL_CAPITAL
TATAMOTORS,2022-03,SELF_FUNDED_REINVESTMENT
TATAMOTORS,2023-03,SELF_FUNDED_REINVESTMENT
TATAMOTORS,2024-03,SELF_FUNDED_REINVESTMENT
TATAPOWER,2013-03,SELF_FUNDED_REINVESTMENT
TATAPOWER,2014-03,SELF_FUNDED_REINVESTMENT
TATAPOWER,2015-03,SELF_FUNDED_REINVESTMENT
TATAPOWER,2016-03,SELF_FUNDED_REINVESTMENT
TATAPOWER,2017-03,EXPANSION_WITH_EXTERNAL_CAPITAL
TATAPOWER,2018-03,SELF_FUNDED_REINVESTMENT
TATAPOWER,2019-03,SELF_FUNDED_REINVESTMENT
TATAPOWER,2020-03,SELF_FUNDED_REINVESTMENT
TATAPOWER,2021-03,ASSET_MONETISATION_AND_DELEVERAGING
TATAPOWER,2022-03,SELF_FUNDED_REINVESTMENT
TATAPOWER,2023-03,EXPANSION_WITH_EXTERNAL_CAPITAL
TATAPOWER,2024-03,SELF_FUNDED_REINVESTMENT
TATASTEEL,2013-03,SELF_FUNDED_REINVESTMENT
TATASTEEL,2014-03,EXPANSION_WITH_EXTERNAL_CAPITAL
TATASTEEL,2015-03,SELF_FUNDED_REINVESTMENT
TATASTEEL,2016-03,SELF_FUNDED_REINVESTMENT
TATASTEEL,2017-03,SELF_FUNDED_REINVESTMENT
TATASTEEL,2018-03,EXPANSION_WITH_EXTERNAL_CAPITAL
TATASTEEL,2019-03,SELF_FUNDED_REINVESTMENT
TATASTEEL,2020-03,SELF_FUNDED_REINVESTMENT
TATASTEEL,2021-03,SELF_FUNDED_REINVESTMENT
TATASTEEL,2022-03,SELF_FUNDED_REINVESTMENT
TATASTEEL,2023-03,SELF_FUNDED_REINVESTMENT
TATASTEEL,2024-03,SELF_FUNDED_REINVESTMENT
TCS,2013-03,SELF_FUNDED_REINVESTMENT
TCS,2014-03,SELF_FUNDED_REINVESTMENT
TCS,2015-03,SELF_FUNDED_REINVESTMENT
TCS,2016-03,SELF_FUNDED_REINVESTMENT
TCS,2017-03,SELF_FUNDED_REINVESTMENT
TCS,2018-03,ASSET_MONETISATION_AND_DELEVERAGING
TCS,2019-03,ASSET_MONETISATION_AND_DELEVERAGING
TCS,2020-03,ASSET_MONETISATION_AND_DELEVERAGING
TCS,2021-03,SELF_FUNDED_REINVESTMENT
TCS,2022-03,SELF_FUNDED_REINVESTMENT
TCS,2023-03,ASSET_MONETISATION_AND_DELEVERAGING
TCS,2024-03,ASSET_MONETISATION_AND_DELEVERAGING
TECHM,2013-03,EXPANSION_WITH_EXTERNAL_CAPITAL
TECHM,2014-03,ASSET_MONETISATION_AND_DELEVERAGING
TECHM,2015-03,SELF_FUNDED_REINVESTMENT
TECHM,2016-03,SELF_FUNDED_REINVESTMENT
TECHM,2017-03,SELF_FUNDED_REINVESTMENT
TECHM,2018-03,SELF_FUNDED_REINVESTMENT
TECHM,2019-03,SELF_FUNDED_REINVESTMENT
TECHM,2020-03,ASSET_MONETISATION_AND_DELEVERAGING
TECHM,2021-03,SELF_FUNDED_REINVESTMENT
TECHM,2022-03,ASSET_MONETISATION_AND_DELEVERAGING
TECHM,2023-03,SELF_FUNDED_REINVESTMENT
TECHM,2024-03,SELF_FUNDED_REINVESTMENT
TITAN,2013-03,SELF_FUNDED_REINVESTMENT
TITAN,2014-03,EXTERNALLY_FUNDED_INVESTMENT
TITAN,2015-03,SELF_FUNDED_REINVESTMENT
TITAN,2016-03,SELF_FUNDED_REINVESTMENT
TITAN,2017-03,SELF_FUNDED_REINVESTMENT
TITAN,2018-03,ASSET_SALES_FUNDING_OPERATIONS
TITAN,2019-03,SELF_FUNDED_REINVESTMENT
TITAN,2020-03,ASSET_SALES_FUNDING_OPERATIONS
TITAN,2021-03,SELF_FUNDED_REINVESTMENT
TITAN,2022-03,ASSET_SALES_FUNDING_OPERATIONS
TITAN,2023-03,EXPANSION_WITH_EXTERNAL_CAPITAL
TITAN,2024-03,SELF_FUNDED_REINVESTMENT
TORNTPHARM,2013-03,EXPANSION_WITH_EXTERNAL_CAPITAL
TORNTPHARM,2014-03,EXPANSION_WITH_EXTERNAL_CAPITAL
TORNTPHARM,2015-03,EXPANSION_WITH_EXTERNAL_CAPITAL
TORNTPHARM,2016-03,SELF_FUNDED_REINVESTMENT
TORNTPHARM,2017-03,SELF_FUNDED_REINVESTMENT
TORNTPHARM,2018-03,EXPANSION_WITH_EXTERNAL_CAPITAL
TORNTPHARM,2019-03,SELF_FUNDED_REINVESTMENT
TORNTPHARM,2020-03,ASSET_MONETISATION_AND_DELEVERAGING
TORNTPHARM,2021-03,SELF_FUNDED_REINVESTMENT
TORNTPHARM,2022-03,SELF_FUNDED_REINVESTMENT
TORNTPHARM,2023-03,EXPANSION_WITH_EXTERNAL_CAPITAL
TORNTPHARM,2024-03,SELF_FUNDED_REINVESTMENT
TRENT,2013-03,EXPANSION_WITH_EXTERNAL_CAPITAL
TRENT,2014-03,CASH_BURN_AND_CONTRACTION
TRENT,2015-03,EXTERNALLY_FUNDED_INVESTMENT
TRENT,2016-03,SELF_FUNDED_REINVESTMENT
TRENT,2017-03,SELF_FUNDED_REINVESTMENT
TRENT,2018-03,SELF_FUNDED_REINVESTMENT
TRENT,2019-03,EXPANSION_WITH_EXTERNAL_CAPITAL
TRENT,2020-03,EXPANSION_WITH_EXTERNAL_CAPITAL
TRENT,2021-03,ASSET_MONETISATION_AND_DELEVERAGING
TRENT,2022-03,ASSET_MONETISATION_AND_DELEVERAGING
TRENT,2023-03,SELF_FUNDED_REINVESTMENT
TRENT,2024-03,SELF_FUNDED_REINVESTMENT
TVSMOTOR,2013-03,SELF_FUNDED_REINVESTMENT
TVSMOTOR,2014-03,SELF_FUNDED_REINVESTMENT
TVSMOTOR,2015-03,EXPANSION_WITH_EXTERNAL_CAPITAL
TVSMOTOR,2016-03,SELF_FUNDED_REINVESTMENT
TVSMOTOR,2017-03,SELF_FUNDED_REINVESTMENT
TVSMOTOR,2018-03,EXPANSION_WITH_EXTERNAL_CAPITAL
TVSMOTOR,2019-03,EXTERNALLY_FUNDED_INVESTMENT
TVSMOTOR,2020-03,EXPANSION_WITH_EXTERNAL_CAPITAL
TVSMOTOR,2021-03,EXPANSION_WITH_EXTERNAL_CAPITAL
TVSMOTOR,2022-03,EXTERNALLY_FUNDED_INVESTMENT
TVSMOTOR,2023-03,EXTERNALLY_FUNDED_INVESTMENT
TVSMOTOR,2024-03,EXTERNALLY_FUNDED_INVESTMENT
