company_id,year,net_profit_margin_pct,operating_profit_margin_pct,ebit_margin_pct,return_on_equity_pct,return_on_capital_employed_pct,return_on_assets_pct,debt_to_equity,interest_coverage,interest_coverage_status,net_debt_cr,net_debt_to_ebitda,asset_turnover,fixed_asset_turnover,free_cash_flow_cr,cfo_to_pat,capex_intensity_pct,fcf_conversion_pct,book_value_per_share,earnings_per_share,dividend_payout_ratio_pct,revenue_cagr_3y,revenue_cagr_3y_flag,revenue_cagr_5y,revenue_cagr_5y_flag,revenue_cagr_10y,revenue_cagr_10y_flag,pat_cagr_3y,pat_cagr_3y_flag,pat_cagr_5y,pat_cagr_5y_flag,pat_cagr_10y,pat_cagr_10y_flag,eps_cagr_3y,eps_cagr_3y_flag,eps_cagr_5y,eps_cagr_5y_flag,eps_cagr_10y,eps_cagr_10y_flag,price_to_earnings,price_to_book,ev_to_ebitda,fcf_yield_pct,capital_allocation_label,profitability_score,cash_quality_score,growth_score,leverage_score,health_score,health_band,pe_ratio,pb_ratio,ev_ebitda,dividend_yield_pct,valuation_flag,broad_sector,sub_sector,composite_ranking_score
IRCTC,2024-03,26.01873536299766,34.33255269320843,35.48009367681499,34.39628482972136,46.048632218844986,18.240026268264653,0.018575851393188854,79.73684210526316,Levered,60.0,0.03816793893129771,0.7010343129207027,12.448979591836734,667.0,0.7938793879387939,5.035128805620609,60.03600360036003,40.375,14.0,47.0,76.46921430165466,OK,17.955244103890912,OK,,INSUFFICIENT,81.11627776293705,OK,29.16686408659448,OK,,INSUFFICIENT,91.29311827723889,OK,28.473515712343932,OK,,INSUFFICIENT,1132.7815391539154,389.6347647058824,937.6232061068702,0.05299874823631171,SELF_FUNDED_REINVESTMENT,68.88,77.51,100.0,75.19,78.64,Good,60.44,5.74,32.47,1.08,Caution,Consumer Discretionary,Travel & Tourism,79.43
ADANIPOWER,2024-03,41.36759945184802,36.20186292228556,48.02287938670533,48.27674122146251,31.095279124496855,22.638002804073516,0.8023177656738903,7.136953955135773,Levered,34242.0,1.2180996762833054,0.5472399439185297,0.7990192966865558,14170.0,0.6803015027125642,0.0,68.03015027125642,111.86155042779363,54.0,0.0,24.294797156226156,OK,16.086096410440966,OK,12.629527157691523,OK,154.07088459944453,OK,,TURNAROUND,,TURNAROUND,162.07413942088965,OK,,TURNAROUND,,TURNAROUND,65.87851313073119,31.8039993046703,48.30669986837892,1.0326606815830142,ASSET_MONETISATION_AND_DELEVERAGING,73.29,77.52,88.77,52.91,74.6,Good,44.57,9.91,24.76,1.65,Fair,Energy,Power & Utilities,71.04
BAJAJHLDNG,2024-03,432.7262044653349,91.7743830787309,440.36427732079903,13.576787656460265,13.80040508193703,11.302773131167417,0.0011613545449517945,3747.5,Levered,-64652.0,-8.587063355027228,0.026119918356071883,6.975409836065574,1469.0,0.26354378818737273,27.73207990599295,19.945689069925322,4887.117117117117,653.0,20.0,55.00574158769729,OK,31.612293448969165,OK,14.937545587928923,OK,26.318822706492305,OK,19.297559063731295,OK,13.992331678744474,OK,25.799750331593962,OK,18.96864732798973,OK,13.81670668377948,OK,297.5652586558045,40.39980330709532,362.12498472572713,0.06702962960133939,SELF_FUNDED_REINVESTMENT,58.35,69.07,57.06,100.0,67.55,Good,37.73,9.38,27.47,3.37,Fair,Financials,Holding Companies,69.93
COALINDIA,2024-03,26.25628846856468,66.29380849329698,40.196312638767886,45.16982956605826,64.09756534794349,15.802850255846407,0.0788468512027076,6.813839923773226,Levered,-587.0,-0.009179907418991618,0.6018691588785047,1.880900777078818,13617.0,0.48443897348069254,3.151963126387679,36.439294602477986,134.23657309751746,61.0,42.0,16.493956528516662,OK,7.402890725901301,OK,7.261143616999366,OK,43.28908935217686,OK,16.43231987118112,OK,9.476008121750844,OK,42.6823258428825,OK,16.851518569430034,OK,9.777126683205474,OK,12.149772271133829,5.488031427535356,8.988886994870512,2.9991751112119767,SELF_FUNDED_REINVESTMENT,89.23,72.56,52.88,60.15,72.6,Good,34.27,14.75,25.15,4.38,Discount,Materials,Mining & Metals,69.71
ITC,2024-03,29.282025230717128,37.0177518132814,38.41052126548698,27.851074395694365,36.38550995856169,22.61590775334045,0.004066731984914169,340.25,Levered,-30811.0,-1.0611310097809616,0.7723477995509732,2.5473040977713874,17179.0,0.8278637174112091,0.0,82.78637174112092,59.701121794871796,16.0,84.0,12.890307004910628,OK,7.950896846254429,OK,7.215836991741997,OK,15.743119736566346,OK,10.083407558317958,OK,8.711334464026654,OK,13.30326698854094,OK,9.856054330611785,OK,8.618098156466525,OK,16.011063563201773,4.459253224529239,12.712905703264912,5.170572923799317,ASSET_MONETISATION_AND_DELEVERAGING,63.72,80.27,17.43,95.83,64.24,Average,47.85,3.24,17.19,4.26,Fair,Consumer Staples,Diversified FMCG,66.41
NESTLEIND,2024-03,16.12281708616873,23.829630236943512,22.275969500696892,117.75449101796407,147.46268656716416,37.37527321106148,0.10329341317365269,37.47586206896552,Levered,-119.0,-0.019926322839919623,2.318160220469448,7.050289017341041,2938.0,1.0615306381896772,5.070919078461917,74.70124586829392,34.791666666666664,41.0,79.0,18.282008662499027,OK,14.548573711802671,OK,9.487020936359048,OK,22.913427743605965,OK,14.852319512993839,OK,12.745848564103014,OK,23.06098642720351,OK,15.43852585822143,OK,13.073350509641957,OK,426.58916603101954,502.3279011976048,280.85731413261885,0.17511285287273798,SELF_FUNDED_REINVESTMENT,66.39,81.17,34.12,66.3,64.36,Average,54.96,14.34,15.49,3.85,Fair,Consumer Staples,Food Products,65.04
TCS,2024-03,19.136712150207767,26.690688396923118,26.05928773355805,50.944313673485176,63.72449497512943,31.689259788825343,0.0886406082507266,80.68766066838046,Levered,-23741.0,-0.3503689492325856,1.6559406621205455,12.287951438481942,44338.0,0.9617996051975097,0.0,96.17996051975098,249.9696132596685,127.0,58.0,13.632864555506409,OK,10.463614801716602,OK,11.404391189817975,OK,12.286310199806593,OK,7.871172131953608,OK,9.07908137484088,OK,13.007434657986106,OK,8.618771612987096,OK,9.991915190476197,OK,10.00429835788195,5.0966211362707075,8.002215613931524,9.613863669307202,ASSET_MONETISATION_AND_DELEVERAGING,70.41,82.76,16.59,76.15,64.21,Average,78.69,6.08,29.94,1.62,Fair,Information Technology,IT Services,64.96
ABB,2024-03,20.533424517011454,24.84185330825782,27.86801162591896,32.46823465801568,43.09888947646748,23.127286732139417,0.022438496891051634,135.83333333333334,Levered,83.0,0.04879482657260435,1.1263238975544,25.995555555555555,1095.0,5.027477102414655,84.51017267909045,91.17402164862615,1761.4285714285713,565.0,73.0,10.713721789385655,OK,9.716101277290168,OK,9.898290364739681,OK,20.232437941096727,OK,21.69314043381163,OK,19.75338045077737,OK,20.24167817921956,OK,21.65851677781967,OK,19.772344260550724,OK,1279.1309242298084,415.311230062179,951.9983303938859,0.07127809977975783,SELF_FUNDED_REINVESTMENT,57.31,97.14,20.54,86.58,66.29,Good,75.58,4.48,12.63,0.96,Caution,Industrials,Capital Goods,64.57
EICHERMOT,2024-03,24.195694242864054,26.179245283018872,31.767053701015964,22.172346910501524,28.449956672443673,17.309106640709494,0.023219728456636186,103.0,Levered,-13108.0,-2.24030080328149,0.7153796236210254,5.674673987645848,890.0,0.9307673081729567,17.138364779874212,22.24443889027743,668.3333333333334,146.0,35.0,23.776441520116,OK,11.036936496739692,OK,9.276892163329876,OK,43.747506025200565,OK,12.675841665377696,OK,22.51828946734826,OK,43.89717190746498,OK,12.505451629050324,OK,25.55272979365966,OK,55.58406148462884,12.32429093931837,40.054501794565034,0.4001945575069012,SELF_FUNDED_REINVESTMENT,47.06,74.42,64.04,86.51,64.58,Average,15.62,13.61,19.29,4.41,Discount,Consumer Discretionary,Two Wheelers,63.61
ADANIPORTS,2024-03,30.339560480700833,58.36172363445772,46.31799633109955,15.3548827162833,12.099992175886081,6.926554927819896,0.9373223691689719,4.526893523600439,Levered,45181.0,2.778659286592866,0.22830109659056916,0.35544525469739713,8250.0,1.8531589338598222,25.337875781513237,101.80157946692991,244.34259259259258,38.0,16.0,28.631936311849437,OK,19.57867595245697,OK,18.65179197239284,OK,17.084126579285687,OK,14.909565182041629,OK,16.624572854327614,OK,14.977941578896626,OK,14.869835499703509,OK,16.860936130231472,OK,83.36599333662389,12.80075050210315,37.587068880688804,1.2211403642233938,SELF_FUNDED_REINVESTMENT,49.91,90.19,41.18,47.16,59.84,Average,48.9,2.31,31.76,1.16,Fair,Industrials,Infrastructure,62.89
BAJAJ-AUTO,2024-03,17.178515712057056,19.534209939826162,22.509471807443727,26.61418410330778,32.713610157414,19.59129727531517,0.06601754022512257,168.33333333333334,Levered,-26175.0,-2.501194457716197,1.1404534363562424,13.947777432390426,6486.0,0.8508043591074209,0.16046356139959886,84.14634146341463,1038.0645161290322,276.0,29.0,17.384652616671946,OK,8.127604751021389,OK,8.341820762984753,OK,16.642781522818396,OK,9.358917170384974,OK,8.59316738465321,OK,17.995813862247644,OK,10.177276348465591,OK,8.961311524418347,OK,84.8232096523093,22.575005179200332,64.95976779741997,0.992020247858232,SELF_FUNDED_REINVESTMENT,42.81,80.59,26.87,99.7,59.49,Average,29.91,9.83,20.14,3.59,Fair,Consumer Discretionary,Two Wheelers,60.73
BOSCHLTD,2024-03,14.886112273569676,12.524660728164047,19.322054163926587,20.639920424403183,26.70412294472445,14.34745030250648,0.003232758620689655,63.372549019607845,Levered,-5086.0,-1.3888585472419444,0.9638144626908672,9.450282485875706,1253.0,0.5032128514056224,0.0,50.321285140562246,4021.3333333333335,844.0,44.0,19.843289373663996,OK,6.717165240230294,OK,6.6857146436251735,OK,72.86912600423906,OK,9.275930793686072,OK,10.898483572290708,OK,72.64984767834024,OK,9.261870727688626,OK,11.585903400555031,OK,1043.9984136546184,215.48044181034481,717.7418104860732,0.04820053793415996,ASSET_MONETISATION_AND_DELEVERAGING,31.1,74.23,82.51,76.04,61.06,Average,58.43,6.47,16.07,4.23,Caution,Consumer Discretionary,Auto Ancillaries,60.09
SUNPHARMA,2024-03,19.815658700538176,26.84289749881436,23.35402189826175,15.094161810671148,16.919376764613613,11.2650630655976,0.051423814535002436,47.588235294117645,Levered,-11752.0,-0.8465029172369084,0.5684929901064378,2.08939726853647,11372.0,1.2627471383975026,1.5732931933934058,118.3350676378772,265.27916666666664,40.0,34.0,13.126755589483485,OK,10.78116321985565,OK,11.67163711556578,OK,61.722961970425125,OK,24.536829642931245,OK,9.496531115092143,OK,49.380158218572156,OK,29.45936165164078,OK,10.30542524220699,OK,139.3950145681582,21.040509054926414,91.05922062954693,0.8489189373413096,SELF_FUNDED_REINVESTMENT,32.15,87.37,61.1,71.03,60.34,Average,37.9,6.71,21.41,3.88,Fair,Healthcare,Pharmaceuticals,59.29
LTIM,2024-03,12.90931103415266,17.982937748120616,17.656333586733115,22.904386052552702,28.38969622889221,16.64609352309033,0.10345688880007993,28.24774774774775,Levered,-6673.0,-0.9411847672778562,1.2894641301190821,7.13049588436057,1752.0,1.2366412213740459,11.031337106174508,38.21155943293348,667.2666666666667,155.0,42.0,42.13101535214459,OK,30.32798083513346,OK,21.85605589762474,OK,33.24835486418234,OK,24.775129058600996,OK,16.495191642458163,OK,11.772828128939317,OK,12.24383304425547,OK,-6.666549487610296,OK,293.7943075245365,67.29178239584374,232.35320592383638,0.13006228662120078,SELF_FUNDED_REINVESTMENT,33.27,78.51,52.5,67.09,55.76,Average,64.52,2.38,18.9,4.43,Fair,Information Technology,IT Services,59.03
ATGL,2024-03,14.927374301675977,24.670391061452516,22.502793296089386,18.65921787709497,19.602881058983844,10.133495145631068,0.43491620111731844,9.072072072072071,Levered,851.0,0.7304721030042919,0.6788531553398058,1.409892879647133,,,,,32.54545454545455,6.0,4.0,38.18335427451367,OK,21.08864867789759,OK,,INSUFFICIENT,12.99654305433795,OK,23.8762916927858,OK,,INSUFFICIENT,14.471424255333186,OK,24.57309396155174,OK,,INSUFFICIENT,2298.806002994012,428.939220670391,1652.6514077253219,,NO_DATA,30.15,86.94,44.0,56.62,53.93,Average,56.96,5.76,28.93,0.51,Fair,Energy,Gas Distribution,58.83
INFY,2024-03,17.08075746730006,23.703390381987376,23.7248649703911,29.788006718416632,37.79010106245141,19.297162182032054,0.09486358890553362,77.57021276595745,Levered,-16264.0,-0.39537145079735514,1.129760329363329,5.563319093476214,20117.0,0.9604541298384639,3.314244810307802,76.6420298689424,212.73780782230807,63.0,,15.216500798806365,OK,13.199100930556229,OK,11.852717458931128,OK,10.558796476740762,OK,11.239419983657939,OK,9.433477603192465,OK,11.868894208139679,OK,12.474611314209483,OK,10.60156477390728,OK,42.37579701310576,12.622905261246538,33.353502528199144,1.808627454139422,SELF_FUNDED_REINVESTMENT,48.86,80.61,17.31,75.61,56.09,Average,35.99,8.97,36.7,4.1,Discount,Information Technology,IT Services,58.26
ASIANPAINT,2024-03,15.658543456824905,21.3692069305536,21.2790533878011,29.677488252883382,35.623997736062634,18.588007090063876,0.1321016659547202,36.84390243902439,Levered,-2114.0,-0.2514870330716155,1.187084044011906,4.966419476703512,3556.0,1.0982367758186398,7.17847584166784,63.97984886649874,195.08333333333334,57.0,58.0,17.801037676951047,OK,13.029660349453076,OK,11.25245350301849,OK,20.117567163333238,OK,20.277362101955056,OK,15.971565352132288,OK,19.983162620797668,OK,20.973552688431262,OK,15.929283130870008,OK,382.6421698452681,113.55858500640753,294.44214013799666,0.16720543083991699,SELF_FUNDED_REINVESTMENT,45.39,80.27,30.31,66.7,56.03,Average,73.37,3.9,23.94,2.42,Fair,Materials,Paints & Coatings,57.58
MARUTI,2024-03,9.50809964894472,13.130031439890594,12.419461715236363,15.750385351954785,20.54457466036966,11.697772843960314,0.001389602503619973,90.81443298969072,Levered,-57177.0,-2.499650257934773,1.230295566502463,5.090902565942939,4936.0,1.2456257413997627,8.363997800617518,36.59549228944247,2727.2611464968154,429.0,29.0,26.323644326166008,OK,10.510215112642584,OK,12.2815532690568,OK,45.387585949345265,OK,12.007182039300378,OK,16.801752458674525,OK,43.55878145035321,OK,11.139222486886503,OK,16.394629934979687,OK,111.49641384934756,17.561114834882524,82.71364300078693,0.3282212496887102,SELF_FUNDED_REINVESTMENT,19.43,78.4,68.25,84.85,56.7,Average,20.78,8.26,29.97,1.78,Discount,Consumer Discretionary,Automobiles,57.36
BEL,2024-03,19.661535425300965,24.921057825143084,26.041049930925595,4744.047619047619,4155.905511811024,2475.1552795031057,0.5119047619047619,439.8333333333333,Levered,42.0,0.007341373885684321,125.88819875776397,1126.0,-1265.0,1.1691342534504392,29.228340240773633,-31.74404015056462,7.636363636363637,5.0,40.0,12.8335418079377,OK,10.7508063318833,OK,12.01331595775741,OK,23.80447523322802,OK,16.12648618019128,OK,15.392913221732885,OK,18.56311014966876,OK,10.756634324829006,OK,17.461894308801895,OK,339.9701530740276,16128.345952380952,220.21972382450622,-0.09337302073000636,SELF_FUNDED_REINVESTMENT,70.35,70.32,24.34,90.13,64.11,Average,17.89,9.22,23.14,0.76,Discount,Industrials,Defence Electronics,57.11
PIDILITIND,2024-03,14.108051360736493,21.868690947266415,19.62367762254704,20.780302129178065,27.648196609398113,14.466710831401125,0.045438325205186154,47.64705882352941,Levered,-1853.0,-0.6687116564417178,1.0254223252732693,2.2716932672904053,955.0,1.559244419004007,14.285714285714285,54.665140240412136,164.84313725490196,34.0,47.0,19.2998469335665,OK,11.836370175898114,OK,11.200766251991956,OK,15.76701574818362,OK,13.48774998597666,OK,14.527040733688779,OK,15.616214441920405,OK,13.564157249607756,OK,14.215130617291273,OK,92.88733829421865,19.302269537290353,59.81566221580657,0.588510137595519,SELF_FUNDED_REINVESTMENT,34.06,82.78,27.77,70.56,52.89,Average,36.12,12.3,5.36,1.01,Discount,Materials,Specialty Chemicals,56.77
HCLTECH,2024-03,14.293122742532729,22.015594151738192,19.579121668956358,23.01393141233172,29.072830683184502,15.867725188372422,0.08435023365512796,38.91500904159132,Levered,-1379.0,-0.053672206437551086,1.1101650405025958,3.1347289165216896,15840.0,1.428898790579249,6.012027694631208,100.82749840865691,251.4290976058932,58.0,90.0,13.396477329776978,OK,12.710299978373406,OK,13.082373204583831,OK,12.043662852781601,OK,9.194090295112023,OK,9.179123626035102,OK,12.257330985276148,OK,9.407036350794119,OK,9.69075247889608,OK,26.26309929980904,6.044171659610623,17.956729459385826,3.8391317512701186,SELF_FUNDED_REINVESTMENT,36.48,86.84,15.71,66.79,51.98,Average,63.63,5.44,31.21,1.99,Fair,Information Technology,IT Services,55.99
BPCL,2024-03,5.994201967046283,9.837909494446341,9.003465875741771,35.511337343822305,30.9773177511249,13.26907686075349,0.7218747934157467,9.7235478428537,Levered,27968.0,0.593623975888271,2.213651947949293,5.162365492292449,25415.0,1.3379500353698945,2.3480024906099985,94.62377601548829,354.09644194756555,62.0,33.0,24.863629368132333,OK,8.483226324685255,OK,5.4159319078910695,OK,15.748130122124548,OK,25.790698729746552,OK,20.817911347727637,OK,18.776353612992548,OK,28.063048802615654,OK,21.28718543006496,OK,17.448979113146432,6.196365835922522,12.872756929999575,5.422883218663305,SELF_FUNDED_REINVESTMENT,32.88,85.46,37.38,55.66,52.97,Average,68.15,0.72,26.59,1.15,Caution,Energy,Oil & Gas Refining,55.94
TITAN,2024-03,6.843630099444054,10.359408033826638,10.26153002897189,37.2192057915469,21.034468921792865,11.081877833074461,1.653145959757266,8.468497576736672,Levered,13183.0,2.2627875042911088,1.619298190002219,13.772984631976273,1506.0,0.4848398169336384,0.36997885835095135,43.077803203661325,105.53932584269663,39.0,28.0,33.14221885428872,OK,20.897163953120245,OK,16.675157366300255,OK,53.11021124836826,OK,20.274576296793036,OK,16.876825851348286,OK,52.4838939608516,OK,19.50578386760935,OK,17.164882683060824,OK,513.0920251716248,190.9687767486426,363.268316168898,0.0839572651499547,SELF_FUNDED_REINVESTMENT,29.62,73.29,85.53,45.75,56.32,Average,10.13,10.51,21.0,3.1,Discount,Consumer Discretionary,Gems & Jewellery,55.41
IOC,2024-03,5.559462717942377,9.743776019125345,8.3942593050575,23.53162465856491,20.620164849942256,8.941893540895371,0.7230954600718581,8.26912828321279,Levered,67086.0,0.8278645029925341,1.6084096601703395,3.9610200104082693,39635.0,1.6472973286068442,4.052800791393595,91.83058779917054,133.18109207086843,30.0,40.0,28.727791225279177,OK,8.008755667240486,OK,4.744973944880271,OK,25.64085913541887,OK,20.099089966731643,OK,20.006444481866815,OK,25.99210498948732,OK,20.11244339814313,OK,19.623119885131544,OK,32.85754106716712,7.73191323595959,22.044695378540137,2.794810104975634,SELF_FUNDED_REINVESTMENT,19.28,87.52,51.83,54.68,51.57,Average,28.61,4.24,33.71,1.25,Discount,Energy,Oil & Gas Refining,54.58
CIPLA,2024-03,16.11701714906495,75.59168153953597,24.26476293939629,15.554557028383135,22.937832385842654,12.768573448498447,0.020931625851868495,11.329710144927537,Levered,-4890.0,-0.6694045174537988,0.7922417237881536,2.6828354324971375,1152.0,0.9951853635050554,11.569799022270505,27.73230621088108,331.75155279503105,51.0,25.0,10.389755935227928,OK,9.513860126378049,OK,9.74210289783317,OK,20.249546582874324,OK,22.726834848000887,OK,11.457664472874352,OK,19.348319192733697,OK,21.832544608565986,OK,11.612317403390438,OK,105.87461482908041,16.4683273421703,77.06116084873375,0.26193536813003726,SELF_FUNDED_REINVESTMENT,48.37,75.51,19.59,63.28,52.99,Average,59.75,5.93,33.7,0.12,Fair,Healthcare,Pharmaceuticals,54.41
ONGC,2024-03,9.655290194725701,17.388518015001793,14.720086033723595,16.940398136885513,17.75702650275063,8.044955154739396,0.45444863084819176,8.539729252501472,Levered,50974.0,0.4401253701960852,0.8332173339682772,1.9815314922902691,42060.0,1.7383758603176827,9.672537521390066,73.65895518467276,267.94117647058823,39.0,31.0,24.855263957274687,OK,7.001683761214439,OK,13.006317517391341,OK,38.78658467052287,OK,10.96639922553624,OK,7.9121170176566835,OK,44.22495703074083,OK,10.197228772148016,OK,6.386012503101268,OK,6.831947776746467,1.1573591538849497,4.317056131655974,10.781545408672736,SELF_FUNDED_REINVESTMENT,20.26,86.23,63.29,57.25,54.21,Average,18.15,10.36,11.72,1.11,Discount,Energy,Oil & Gas Exploration,54.36
DRREDDY,2024-03,19.913605369319196,28.321016743422227,26.318232123094496,19.74233736816026,24.36541512427287,14.383702939659617,0.07085722375592836,43.111111111111114,Levered,-2928.0,-0.33114679936665914,0.7223053120165034,2.686648762708613,509.0,0.8144496235209753,14.401485130841454,9.12513445679455,340.4096385542169,67.0,12.0,13.71726615103832,OK,12.639644349571988,OK,7.640025915260695,OK,41.90561020689674,OK,23.392504645437473,OK,11.008394366816532,OK,42.81779454599071,OK,23.842409558387544,OK,11.284504563028698,OK,437.7560559340265,86.42327741204784,308.21722121691926,0.020845250072724943,SELF_FUNDED_REINVESTMENT,39.7,72.09,48.37,68.52,55.47,Average,11.73,10.19,14.56,0.09,Discount,Healthcare,Pharmaceuticals,53.89
ICICIBANK,2024-03,28.888011233982798,62.41380175029464,85.85721808470623,17.99027109750765,7.181179056519879,1.9492289334082888,6.445624336310825,1.7897598076370194,Levered,823845.0,5.931593839773636,0.06747535915921023,10.151202749140893,12547.0,3.4132071786636575,90.7350986734873,27.22814175039604,364.617793594306,63.0,16.0,21.39660074377121,OK,17.25086850260209,OK,12.41864172369489,OK,31.28635844345755,OK,51.94877118224903,OK,14.714696775470282,OK,32.63524026321307,OK,55.18455739153598,OK,13.995881918674137,OK,28.62832534016189,5.150313339371604,11.510897754354135,0.9510909711578005,EXPANSION_WITH_EXTERNAL_CAPITAL,49.92,90.13,48.11,8.94,55.47,Average,25.76,6.2,38.28,3.43,Fair,Financials,Private Banks,53.78
SIEMENS,2024-09,12.221223021582734,13.956834532374101,16.632194244604317,17.698769290877124,23.656945510360707,10.743507648523657,0.018167610861496385,61.65,Levered,278.0,0.06899975179945396,0.8790861298865568,7.146529562982005,1168.0,0.6144223693892568,2.2571942446043165,42.97277409860191,432.59154929577466,76.0,16.0,18.998700727442852,OK,11.193358902067896,OK,7.612937546261267,OK,35.646062247422265,OK,19.85339817550189,OK,16.250067578355253,OK,34.83955155292464,OK,19.643850003755613,OK,16.15461431239702,OK,438.3119757174393,77.57582535651494,314.8291288160834,0.09804152402695152,SELF_FUNDED_REINVESTMENT,25.37,74.27,48.15,71.42,51.5,Average,33.32,9.25,30.88,3.69,Fair,Industrials,Capital Goods,53.33
IRFC,2024-03,24.064552448864703,99.50459748545694,99.50459748545694,13.038085361638096,5.7484746909270665,1.3218383695952436,8.378352548852153,1.3189891050196507,Levered,411985.0,15.53370786516854,0.05492885738906,1211.1363636363637,7906.0,1.2342482844666252,0.030024394820791892,123.30006238303181,37.63027010482822,5.0,31.0,19.101938730495593,OK,19.06740855567788,OK,15.702681143154496,OK,13.236946449292141,OK,23.245023933940367,OK,24.774991677745327,OK,18.56311014966876,OK,20.11244339814313,OK,-31.1534199107249,OK,408.35130692451656,53.24119197218325,92.34824221401101,0.3019460457018293,SELF_FUNDED_REINVESTMENT,48.41,87.15,27.92,0.0,48.67,Weak,9.81,3.91,16.66,2.82,Discount,Financials,Speciality Finance,52.58
KOTAKBANK,2024-03,32.386151466116615,83.66733645109092,110.06988281736223,14.013018188532914,9.518010412918661,2.372513081844081,4.003739266919029,1.6273628309277808,Levered,273928.0,4.369425126012889,0.07325702420450533,16.021937321937322,6766.0,0.8611980453522209,15.859665344879707,37.14928896941745,653.7826961770623,92.0,2.0,19.66335897034557,OK,13.51960376324537,OK,16.717180300192645,OK,22.162712282993226,OK,20.38200065626572,OK,21.836558926617357,OK,22.538513504568346,OK,19.344070441601247,OK,19.115090343250696,OK,23.62178224345248,3.3101246422306345,8.75528185414407,1.5726708758275234,EXPANSION_WITH_EXTERNAL_CAPITAL,56.2,75.52,35.39,26.07,53.32,Average,32.9,1.15,15.52,1.51,Fair,Financials,Private Banks,51.82
TATAPOWER,2024-03,6.965125551270159,17.469771680580646,16.867646340868035,13.227840276919272,12.046022430123772,3.0779409438060035,1.659321300531586,2.237211310166199,Levered,37373.0,2.641014769274256,0.4419074604110633,0.9142835887516738,3569.0,2.9429906542056075,14.69023092320461,83.38785046728971,101.1125,12.0,17.0,23.398271146138306,OK,15.511158201876407,OK,5.573043704303959,OK,43.81173474053719,OK,10.431728917459004,OK,79.98083083658562,OK,44.22495703074083,OK,5.922384104881218,OK,,TURNAROUND,384.87604672897197,50.9107887254296,136.05717334463995,0.2166615750083587,SELF_FUNDED_REINVESTMENT,12.13,96.29,63.73,43.35,52.38,Average,14.5,3.48,12.02,0.49,Discount,Energy,Power & Utilities,49.05
HDFCBANK,2024-03,23.07288232992184,61.41252040373843,70.83226099862858,14.33974005030719,5.637505439968978,1.6238920508541275,6.808786667718385,1.6157737281456581,Levered,2101821.0,10.302690593950208,0.07038097917866981,22.504681053633767,19069.0,0.2913699844146319,0.0,29.13699844146319,600.521052631579,84.0,23.0,30.186956140948773,OK,21.95098428169122,OK,20.887964823195592,OK,27.12356908487252,OK,23.865063572879073,OK,22.263903320427715,OK,13.140240479934251,OK,15.424788082530828,OK,16.654280155455027,OK,12.351542187452251,1.7711790418846791,4.788748131191577,2.3589765552566413,ASSET_MONETISATION_AND_DELEVERAGING,40.54,70.29,47.3,0.0,44.74,Weak,49.42,4.4,22.54,4.33,Fair,Financials,Private Banks,48.85
CANBK,2024-03,13.935160470145405,41.753906568101414,44.015961056469926,16.716051794688113,3.3275577958469484,1.0033107103630055,14.867419925542423,1.698177756056692,Levered,970573.0,19.588540405263583,0.0719985042520674,8.96269564512205,13296.0,0.9769495487306019,1.583438141857961,86.33205635997663,101.57993384785006,17.0,19.0,16.302939300232524,OK,18.17561078322378,OK,10.817178802179583,OK,73.3401622666352,OK,85.7752850068174,OK,19.14374492187123,OK,61.980590063874175,OK,53.4206382524911,OK,5.449589185476622,OK,32.23270436984611,5.388035557292175,9.767966618228789,2.6783994097851984,SELF_FUNDED_REINVESTMENT,25.47,81.8,77.53,0.02,48.96,Weak,36.74,12.61,25.23,3.81,Fair,Financials,Public Sector Banks,48.77
DMART,2024-03,4.993207190533383,8.084427730414067,6.928665655949123,13.56294790886726,18.24261275272162,11.978084262233137,0.031661140228901485,60.672413793103445,Levered,485.0,0.11411764705882353,2.398875873795579,3.785985836749907,278.0,1.082807570977918,4.8593199314812265,10.962145110410095,287.21966205837174,39.0,0.0,28.132551951927297,OK,20.48312440202782,OK,26.91026114651347,OK,32.144934169439935,OK,22.96698996520703,OK,31.744452601738082,OK,31.88798361621814,OK,22.740337821451305,OK,29.23922207808318,OK,1203.8994361198738,163.28425339608515,852.8451623529412,0.00910553222430331,SELF_FUNDED_REINVESTMENT,11.12,74.34,57.58,71.02,48.36,Weak,72.53,11.71,36.84,1.94,Caution,Consumer Discretionary,Retail,48.25
APOLLOHOSP,2024-03,4.905818773282963,12.56099480560365,9.502072511674275,13.480392156862745,14.76077919960877,5.5847568988173455,0.7688869665513264,4.033407572383074,Levered,4347.0,1.7401921537229783,1.1383944570541153,1.9721647350993377,383.0,2.053475935828877,8.064431502177449,40.962566844919785,481.66666666666663,63.0,26.0,21.752736351876713,OK,14.660042602193135,OK,15.90208668517812,OK,89.6838465061924,OK,36.13077689773863,OK,11.493642912195057,OK,84.69147504478333,OK,29.95061094416296,OK,10.60156477390728,OK,2038.0988556149732,274.74371828143023,974.1324819855885,0.0200984200212211,SELF_FUNDED_REINVESTMENT,10.01,85.05,85.19,50.94,53.7,Average,47.72,7.68,16.74,3.22,Fair,Healthcare,Healthcare,48.06
GAIL,2024-03,7.433122166511544,10.743987750322754,9.993394781877683,12.861540060002339,13.476936158152059,7.939231170080571,0.28304998896060884,18.517385257301807,Levered,-116.0,-0.006829153420463911,1.0680883472962681,2.4140755236645646,4360.0,1.270928001615672,6.174377758429158,44.02706250631122,117.10570342205324,15.0,37.0,32.42353373080278,OK,11.825154521824267,OK,7.990438901094743,OK,17.25429359158057,OK,8.608876760374562,OK,7.54232179343064,OK,18.56311014966876,OK,8.447177119769854,OK,7.919350247286827,OK,154.68722306371808,19.895159162045275,95.01100259036853,0.28461990353382827,SELF_FUNDED_REINVESTMENT,10.88,79.41,48.44,61.47,46.54,Weak,25.84,9.54,33.07,0.31,Discount,Energy,Gas Distribution,48.0
ADANIGREEN,2024-03,13.665943600867678,79.3709327548807,72.41865509761388,12.812690665039659,8.939377711133723,1.430420271098699,6.595281675818589,1.3337994406711946,Levered,63343.0,7.382634032634033,0.10467043571055559,0.14803159719992293,-13347.0,6.121428571428571,228.4164859002169,-1059.2857142857144,62.08333333333333,7.0,0.0,43.44099813858789,OK,34.976172926382844,OK,,INSUFFICIENT,90.58982840512462,OK,,TURNAROUND,,INSUFFICIENT,91.29311827723889,OK,,TURNAROUND,,INSUFFICIENT,405.16887301587303,51.91303437055115,57.32854312354313,-2.61443014217979,EXPANSION_WITH_EXTERNAL_CAPITAL,37.87,50.0,100.0,4.7,48.96,Weak,45.26,6.24,21.78,0.89,Fair,Energy,Renewable Energy,47.01
M&M,2024-03,8.82238743726542,17.89787025985418,16.87254634090223,18.537543435564285,13.421644159989018,5.227460570376871,1.6414413053331318,3.1338141025641026,Levered,73439.0,2.6051436679673645,0.5925222177725139,4.944292367307761,-11245.0,-0.4588427057864711,4.0373028084959515,-91.64629176854116,594.1651705565529,91.0,21.0,23.253542874034295,OK,5.838805854237616,OK,6.512869476923022,OK,100.95443275430912,OK,15.316887061047968,OK,9.061135444778024,OK,82.38258956284288,OK,16.175509914303852,OK,9.125382648287793,OK,340.1047660961695,63.04706874150174,136.12679638169564,-0.2694648852484086,EXTERNALLY_FUNDED_INVESTMENT,18.26,51.31,87.31,43.73,45.8,Weak,14.22,0.81,29.08,2.37,Discount,Consumer Discretionary,Automobiles,43.34
NTPC,2024-03,11.950633329785267,28.82672926202094,22.65701592708164,13.273598407068633,10.16561892816477,4.450861504179203,1.475521125007778,3.287781481180392,Levered,221246.0,3.9056966829664415,0.37243729109201756,0.6893687194420199,8644.0,1.9119163697731107,18.00606159069137,40.52128258016126,165.73166958853253,21.0,36.0,16.971938102031615,OK,12.222309654337993,OK,8.585354289701952,OK,12.532921935042452,OK,8.735165684951163,OK,6.463623922795203,OK,11.868894208139679,OK,8.447177119769854,OK,5.755705033825231,OK,42.55686808550534,5.648827764295937,20.174310378307766,0.9521678733206076,SELF_FUNDED_REINVESTMENT,20.04,83.92,20.76,40.85,42.47,Weak,30.8,5.24,37.12,0.06,Discount,Energy,Power & Utilities,43.1
AXISBANK,2024-03,22.73130411725443,34.69264599658038,50.74746957547386,15.832712405189048,3.8215964057631733,1.6374892227113123,8.249122739980766,2.4731307370109614,Levered,962948.0,16.942571609543247,0.0720367478374617,18.663651877133105,-14556.0,-0.2234423394071035,8.229937185125584,-58.54953541691806,508.98865478119933,81.0,1.0,19.966046890428714,OK,14.743587120514379,OK,13.568824505023214,OK,55.68795030685318,OK,39.67228711897934,OK,14.864754204532193,OK,54.414274760026785,OK,35.09600385206135,OK,12.034341816031823,OK,38.16695346124452,6.042863975341192,16.34756650714336,-1.5340374357196316,EXTERNALLY_FUNDED_INVESTMENT,31.46,56.74,70.59,0.18,42.18,Weak,38.14,4.66,16.87,2.32,Fair,Financials,Private Banks,41.97
BANKBARODA,2024-03,15.93948250956673,37.4889127294537,41.55973610184239,15.761863790899902,3.1267119761750117,1.1402758683204666,12.143718727289434,2.102568485832728,Levered,1046625.0,20.56237721021611,0.07153782236255685,13.074773580737796,-7559.0,-0.3325030473263024,1.0854965830088108,-40.06041655625629,231.1061776061776,36.0,21.0,16.788839489625307,OK,17.477297665890944,OK,11.33242243391459,OK,126.679000994827,OK,74.50588066551305,OK,14.121196486586761,OK,128.94284851066638,OK,55.18455739153598,OK,4.582126078713333,OK,31.319678838306217,4.936565118241127,12.901754813359528,-1.279081332956056,EXTERNALLY_FUNDED_INVESTMENT,25.46,57.93,78.21,0.1,41.95,Weak,16.89,4.15,24.7,2.62,Discount,Financials,Public Sector Banks,40.21
BAJFINANCE,2024-03,26.287928399912687,29.285818234737686,35.13788837953867,18.841921351830603,5.219948005902033,3.845990067652804,3.824788776468134,3219.3333333333335,Levered,262465.0,13.123906195309765,0.14630251608816688,16.914461538461538,-79931.0,-5.034945678499758,13.044822818889617,-553.1174313196319,1237.032258064516,233.0,15.0,27.259405758095312,OK,24.352642739542006,OK,,INSUFFICIENT,48.41981202939976,OK,29.323134825979015,OK,,INSUFFICIENT,47.23498631055778,OK,27.5561392815338,OK,,INSUFFICIENT,171.14881876686735,32.24772582664024,131.63530226511327,-3.2317922805711454,EXTERNALLY_FUNDED_INVESTMENT,35.59,0.0,73.16,46.9,34.12,Poor,69.2,4.11,15.96,0.27,Caution,Financials,Consumer Finance,39.81
MOTHERSON,2024-03,3.0600251286831757,9.445547764763102,5.725894702711466,11.546549416937488,12.26425331510298,3.58763572429851,0.7616899254444657,3.120375483158476,Levered,13401.0,1.4164464644329353,1.1724203473591674,3.2764092689728437,925.0,2.5062913907284767,6.732055283102987,30.629139072847682,38.57669616519174,4.0,20.0,19.82084189180693,OK,9.21195713294276,OK,12.491793471295164,OK,24.392634688314452,OK,7.557399109099472,OK,10.657290360127636,OK,25.99210498948732,OK,5.922384104881218,OK,7.177346253629313,OK,48.394423841059606,5.587886063850124,17.06017757108128,0.6329063689949501,EXPANSION_WITH_EXTERNAL_CAPITAL,6.24,87.38,38.69,51.73,43.9,Weak,9.54,2.38,33.39,2.18,Discount,Consumer Discretionary,Auto Ancillaries,39.75
TVSMOTOR,2024-03,4.544641716694342,14.050325712096054,11.830374249584876,26.223466981132077,14.123208295211956,4.233295259851514,3.833431603773585,2.4019709543568464,Levered,24883.0,4.43863717445594,0.931491528650295,6.6448820234255646,-2254.0,-0.7043282743114109,2.557159279601482,-126.70039347948286,,36.0,23.0,26.31887127852206,OK,14.192387704277065,OK,16.660142551691372,OK,43.02900681569186,OK,19.665122106676503,OK,25.266064731460137,OK,40.427786232989085,OK,19.13578981670916,OK,24.57309396155174,OK,149.85464305789768,39.29708284198113,59.75261327149483,-0.8454886074536311,EXTERNALLY_FUNDED_INVESTMENT,17.93,45.59,65.29,26.91,37.05,Weak,46.1,5.62,7.1,3.07,Fair,Consumer Discretionary,Two Wheelers,39.73
PNB,2024-03,8.395910695456838,,75.8208407830193,61.320565191187306,118.21872766261616,12.652858189053626,3.684256345007701,1.2066127761403098,Levered,50672.0,0.6061244019138756,1.5070262950629396,529.4417475728155,-29445.0,-3.0511084416293546,1.3808279466373263,-321.5572785846893,114.86923076923077,8.0,18.0,10.003199043012213,OK,15.902076009106025,OK,9.266703791384634,OK,50.336631443573786,OK,,TURNAROUND,9.562366995577731,OK,58.74010519681994,OK,,TURNAROUND,-8.755646344451918,OK,199.4021622802228,122.27453291368111,28.295400598086125,-1.6126067787208855,EXTERNALLY_FUNDED_INVESTMENT,64.05,6.3,56.4,38.63,41.38,Weak,19.29,10.91,23.64,1.32,Discount,Financials,Public Sector Banks,38.97
AMBUJACEM,2024-03,14.288299155609169,19.300361881785282,18.62786489746683,11.428984947896565,14.65306606570988,7.2600787606687,0.01686125048243921,22.380434782608695,Levered,-150.0,-0.019230769230769232,0.5081135747230352,1.023835988637767,-3295.0,1.1916420430561419,26.963208685162847,-69.54411143942592,188.43636363636364,16.0,12.0,10.591471422496257,OK,4.952158000173124,OK,13.727937697465343,OK,15.102458796546347,OK,9.769081298428105,OK,14.00041183392009,OK,10.064241629820891,OK,7.781806771272581,OK,7.177346253629313,OK,270.4539974672858,30.91014666152065,153.62701025641024,-0.25713841204302407,EXPANSION_WITH_EXTERNAL_CAPITAL,20.45,66.35,12.03,63.67,39.02,Weak,55.62,9.21,27.67,3.1,Fair,Materials,Cement,38.41
JINDALSTEL,2024-03,11.802438733764944,20.260555268697622,14.964054494181198,13.410506363390198,12.395538593143383,7.553764807565204,0.3716941962270963,5.823029366306028,Levered,15653.0,1.5113449840687458,0.6400172860847018,1.040715939153439,-2336.0,1.010937237085647,16.570679588513325,-39.30674743395591,443.16,58.0,3.0,13.346256701428505,OK,1.4028310947741707,OK,10.07258893564078,OK,11.676303196350535,OK,,TURNAROUND,12.10287216940693,OK,17.230827599961064,OK,,TURNAROUND,10.693181483627367,OK,66.7319485108531,8.949092201462225,46.21825238968813,-0.5890244225007633,EXPANSION_WITH_EXTERNAL_CAPITAL,18.29,68.28,18.29,54.02,38.65,Weak,77.64,5.73,20.22,1.9,Fair,Materials,Steel,37.35
BAJAJFINSV,2024-03,14.128209309488865,37.04045949520755,36.22148538711022,25.850351412279537,11.447599359791102,2.9018542467180857,4.789368120938867,2.1487612188961145,Levered,120548.0,2.948681571351695,0.2053943414307379,20.23501374885426,-79634.0,-4.403590894517474,9.929155115870342,-510.63802500801535,379.42138364779873,51.0,2.0,22.131490415528443,OK,20.97274568418761,OK,33.754542295740954,OK,28.399964328592418,OK,23.74781614270227,OK,21.684230519873758,OK,22.124851391248356,OK,20.589095060661244,OK,17.69473018226546,OK,122.16172940044886,31.57923634133404,44.2198571498459,-4.180016339930263,EXTERNALLY_FUNDED_INVESTMENT,33.65,0.0,41.72,26.22,24.06,Poor,15.07,6.08,39.72,2.56,Discount,Financials,Diversified Financials,35.55
SHRIRAMFIN,2024-03,20.333626470264925,28.918874354182698,70.20995932725074,15.116350338120824,10.451516304414527,2.9802711607711085,3.994034363699512,1.6389530408006159,Levered,186024.0,7.117539026629935,0.14656859980827017,9.78698224852071,-31359.0,-4.203405865657522,0.7090249532813014,-423.8275442627382,260.3563829787234,39.0,23.0,27.82625310142639,OK,18.556070052776754,OK,15.684912864219292,OK,43.59376752249222,OK,23.49387942502037,OK,18.47516596168881,OK,29.398934610938454,OK,14.289655141156077,OK,13.492507703672384,OK,117.43931206919854,17.752537847059063,42.01195286195286,-3.608906905151208,EXTERNALLY_FUNDED_INVESTMENT,29.9,0.0,61.4,18.16,25.47,Poor,68.53,7.91,28.82,1.86,Caution,Financials,Consumer Finance,33.61
RECLTD,2024-03,29.7682934528695,100.7702506471368,100.82286339625819,20.39653929343908,9.304005686342292,2.5803050396668312,6.4249170872386445,1.5997061573393883,Levered,440216.0,9.184177584911959,0.08667964267928514,75.18512658227849,-59554.0,-4.0808059384941675,3.8533577456489256,-421.0250972074938,263.3877706038739,54.0,30.0,10.147497322590194,OK,13.338042247865678,OK,10.68124131180972,OK,19.07507541943736,OK,19.763114350230794,OK,11.5509567899718,OK,19.05507889761495,OK,19.67245924901726,OK,11.612317403390438,OK,20.637498762813713,4.209335544340303,6.577161186681131,-20.40097504287343,EXTERNALLY_FUNDED_INVESTMENT,60.23,0.0,18.5,0.1,24.8,Poor,31.49,4.59,23.95,2.18,Fair,Financials,Speciality Finance,32.62
INDUSINDBK,2024-03,19.56369677362945,38.55469091544986,46.62498907056046,14.252273197764223,4.307341867241787,1.7380834474254032,6.885742949503957,2.272049424797614,Levered,325877.0,14.979407032866007,0.08884228106460039,22.86256871564218,-17468.0,-1.8818994413407821,1.3661799422925593,-195.17318435754188,807.1593830334191,115.0,14.0,16.410290098595137,OK,15.495613083358029,OK,18.67814919085109,OK,46.680462139134974,OK,22.077464953948358,OK,20.315626837511314,OK,45.93698581900316,OK,15.895621875417865,OK,15.593498374788117,OK,201.94783463687153,28.782157109416058,76.97591634107103,-0.9664534641259643,CASH_BURN_AND_CONTRACTION,28.55,29.09,56.3,0.14,30.0,Poor,8.99,3.7,28.79,1.42,Discount,Financials,Private Banks,32.47
CHOLAFIN,2024-03,17.846892448990243,28.10102802275218,25.361373480144028,17.455213596692694,3.154451281252434,2.1827093677801463,6.863420609401317,19.058823529411764,Levered,130439.0,25.788651640964808,0.12230192869816066,12.26039667306462,-38538.0,-10.433625730994152,14.898502322183374,-1126.842105263158,233.25,41.0,5.0,25.985530916686983,OK,21.939164804975263,OK,19.308726010179612,OK,31.008346108097527,OK,23.363417251672082,OK,24.97347005007167,OK,29.2240709727595,OK,22.275238764557947,OK,23.418818693862285,OK,284.1906315789474,49.60608176389527,202.64521352313167,-3.9650923712808046,EXTERNALLY_FUNDED_INVESTMENT,25.31,0.0,52.48,3.56,19.89,Poor,16.79,10.36,13.52,2.83,Discount,Financials,Consumer Finance,29.73
GRASIM,2024-03,7.578371940325857,20.763028905617738,17.54264074882805,11.196462612658342,10.175458796853965,2.4085451668947577,1.5470993649397087,2.476770507707233,Levered,7849.0,0.28054185431410394,0.3178182841724175,1.3033414930244591,-33833.0,-1.0798911948418295,17.647238467528897,-340.8523070723353,1333.1278195488721,85.0,12.0,19.68160909363319,OK,11.15172597339149,OK,16.544999689655548,OK,12.415926079345653,OK,29.314249729328566,OK,12.885036563882046,OK,10.499282680146527,OK,27.730844458753978,OK,6.806239621873766,OK,48.25224863993552,5.402544978737324,21.505225891772106,-7.063967310949983,EXTERNALLY_FUNDED_INVESTMENT,11.57,19.46,23.73,50.82,22.26,Poor,79.35,5.68,15.23,0.98,Caution,Industrials,Diversified Industrials,26.84
