company_id,year,broad_sector,pe_ratio,pb_ratio,ev_ebitda,dividend_yield_pct,fcf_yield_pct,sector_median_pe,valuation_flag
NAUKRI,2024,Communication Services,32.88,8.33,11.87,4.29,-0.026604025891463663,48.33,Discount
BHARTIARTL,2024,Communication Services,63.78,6.28,39.71,1.02,7.345106122639473,48.33,Fair
TRENT,2024,Consumer Discretionary,8.65,11.82,34.65,3.46,0.14720244295143942,38.005,Discount
MOTHERSON,2024,Consumer Discretionary,9.54,2.38,33.39,2.18,0.6329063689949501,38.005,Discount
TITAN,2024,Consumer Discretionary,10.13,10.51,21.0,3.1,0.0839572651499547,38.005,Discount
M&M,2024,Consumer Discretionary,14.22,0.81,29.08,2.37,-0.2694648852484086,38.005,Discount
EICHERMOT,2024,Consumer Discretionary,15.62,13.61,19.29,4.41,0.4001945575069012,38.005,Discount
MARUTI,2024,Consumer Discretionary,20.78,8.26,29.97,1.78,0.3282212496887102,38.005,Discount
BAJAJ-AUTO,2024,Consumer Discretionary,29.91,9.83,20.14,3.59,0.992020247858232,38.005,Fair
TVSMOTOR,2024,Consumer Discretionary,46.1,5.62,7.1,3.07,-0.8454886074536311,38.005,Fair
HEROMOTOCO,2024,Consumer Discretionary,53.86,12.6,28.27,1.91,0.19423862750722218,38.005,Fair
BOSCHLTD,2024,Consumer Discretionary,58.43,6.47,16.07,4.23,0.04820053793415996,38.005,Caution
IRCTC,2024,Consumer Discretionary,60.44,5.74,32.47,1.08,0.05299874823631171,38.005,Caution
TATAMOTORS,2024,Consumer Discretionary,67.07,0.93,15.35,3.65,3.000651602734764,38.005,Caution
DMART,2024,Consumer Discretionary,72.53,11.71,36.84,1.94,0.00910553222430331,38.005,Caution
INDIGO,2024,Consumer Discretionary,76.23,7.87,24.64,4.27,0.9056027172386589,38.005,Caution
GODREJCP,2024,Consumer Staples,33.59,8.07,23.55,3.09,-0.10280184353453976,50.95,Discount
HINDUNILVR,2024,Consumer Staples,34.51,11.88,7.52,4.32,1.8482736240750641,50.95,Discount
ITC,2024,Consumer Staples,47.85,3.24,17.19,4.26,5.170572923799317,50.95,Fair
DABUR,2024,Consumer Staples,50.95,13.59,12.02,3.42,1.8435351715372323,50.95,Fair
TATACONSUM,2024,Consumer Staples,54.79,7.14,24.84,1.87,0.007417056977403794,50.95,Fair
NESTLEIND,2024,Consumer Staples,54.96,14.34,15.49,3.85,0.17511285287273798,50.95,Fair
BRITANNIA,2024,Consumer Staples,63.91,4.26,33.95,1.88,0.7923121639717275,50.95,Fair
TATAPOWER,2024,Energy,14.5,3.48,12.02,0.49,0.2166615750083587,44.915,Discount
ONGC,2024,Energy,18.15,10.36,11.72,1.11,10.781545408672736,44.915,Discount
JSWENERGY,2024,Energy,24.79,9.88,35.95,1.25,-1.7705336124937798,44.915,Discount
GAIL,2024,Energy,25.84,9.54,33.07,0.31,0.28461990353382827,44.915,Discount
IOC,2024,Energy,28.61,4.24,33.71,1.25,2.794810104975634,44.915,Discount
NTPC,2024,Energy,30.8,5.24,37.12,0.06,0.9521678733206076,44.915,Discount
ADANIPOWER,2024,Energy,44.57,9.91,24.76,1.65,1.0326606815830142,44.915,Fair
ADANIGREEN,2024,Energy,45.26,6.24,21.78,0.89,-2.61443014217979,44.915,Fair
ATGL,2024,Energy,56.96,5.76,28.93,0.51,,44.915,Fair
RELIANCE,2024,Energy,58.34,3.25,24.96,4.21,10.453145124463461,44.915,Fair
ADANIENSOL,2024,Energy,58.5,9.05,14.83,1.65,0.3141880794689826,44.915,Fair
POWERGRID,2024,Energy,64.39,5.1,23.07,3.09,6.488733930345523,44.915,Fair
BPCL,2024,Energy,68.15,0.72,26.59,1.15,5.422883218663305,44.915,Caution
NHPC,2024,Energy,71.17,13.74,18.26,1.68,0.05573417784977254,44.915,Caution
INDUSINDBK,2024,Financials,8.99,3.7,28.79,1.42,-0.9664534641259643,34.24,Discount
IRFC,2024,Financials,9.81,3.91,16.66,2.82,0.3019460457018293,34.24,Discount
BAJAJFINSV,2024,Financials,15.07,6.08,39.72,2.56,-4.180016339930263,34.24,Discount
CHOLAFIN,2024,Financials,16.79,10.36,13.52,2.83,-3.9650923712808046,34.24,Discount
BANKBARODA,2024,Financials,16.89,4.15,24.7,2.62,-1.279081332956056,34.24,Discount
PNB,2024,Financials,19.29,10.91,23.64,1.32,-1.6126067787208855,34.24,Discount
ICICIPRULI,2024,Financials,20.83,12.38,22.57,0.35,-0.4580499077779285,34.24,Discount
ICICIBANK,2024,Financials,25.76,6.2,38.28,3.43,0.9510909711578005,34.24,Fair
LICI,2024,Financials,30.67,8.1,12.21,3.77,0.46463827637828564,34.24,Fair
RECLTD,2024,Financials,31.49,4.59,23.95,2.18,-20.40097504287343,34.24,Fair
KOTAKBANK,2024,Financials,32.9,1.15,15.52,1.51,1.5726708758275234,34.24,Fair
JIOFIN,2024,Financials,34.24,9.91,26.41,3.09,-0.048367249011911674,34.24,Fair
PFC,2024,Financials,35.6,6.59,15.67,0.42,-5.031547988302576,34.24,Fair
CANBK,2024,Financials,36.74,12.61,25.23,3.81,2.6783994097851984,34.24,Fair
BAJAJHLDNG,2024,Financials,37.73,9.38,27.47,3.37,0.06702962960133939,34.24,Fair
AXISBANK,2024,Financials,38.14,4.66,16.87,2.32,-1.5340374357196316,34.24,Fair
ICICIGI,2024,Financials,49.0,7.86,36.96,3.46,0.03821387979852416,34.24,Fair
HDFCBANK,2024,Financials,49.42,4.4,22.54,4.33,2.3589765552566413,34.24,Fair
HDFCLIFE,2024,Financials,50.59,11.28,31.63,3.22,-6.151706657367163,34.24,Fair
SBIN,2024,Financials,54.93,2.72,21.53,0.42,0.7563625783740417,34.24,Caution
SHRIRAMFIN,2024,Financials,68.53,7.91,28.82,1.86,-3.608906905151208,34.24,Caution
BAJFINANCE,2024,Financials,69.2,4.11,15.96,0.27,-3.2317922805711454,34.24,Caution
SBILIFE,2024,Financials,69.98,9.48,31.04,1.62,-0.23688132542403253,34.24,Caution
DRREDDY,2024,Healthcare,11.73,10.19,14.56,0.09,0.020845250072724943,47.06,Discount
SUNPHARMA,2024,Healthcare,37.9,6.71,21.41,3.88,0.8489189373413096,47.06,Fair
TORNTPHARM,2024,Healthcare,46.4,6.43,27.93,1.22,0.1660811237632738,47.06,Fair
APOLLOHOSP,2024,Healthcare,47.72,7.68,16.74,3.22,0.0200984200212211,47.06,Fair
CIPLA,2024,Healthcare,59.75,5.93,33.7,0.12,0.26193536813003726,47.06,Fair
DIVISLAB,2024,Healthcare,69.95,12.34,31.81,1.39,0.061423058204904804,47.06,Fair
BEL,2024,Industrials,17.89,9.22,23.14,0.76,-0.09337302073000636,47.155,Discount
BHEL,2024,Industrials,29.8,11.43,21.59,4.04,-0.6875240311683734,47.155,Discount
LT,2024,Industrials,30.8,2.48,16.63,1.26,1.624225556254571,47.155,Discount
SIEMENS,2024,Industrials,33.32,9.25,30.88,3.69,0.09804152402695152,47.155,Fair
HAVELLS,2024,Industrials,45.41,14.08,30.73,2.6,0.013285695877801929,47.155,Fair
ADANIPORTS,2024,Industrials,48.9,2.31,31.76,1.16,1.2211403642233938,47.155,Fair
ADANIENT,2024,Industrials,58.87,10.41,33.01,0.83,-4.499064189327432,47.155,Fair
HAL,2024,Industrials,71.89,3.65,8.76,2.77,0.06861811283803056,47.155,Caution
ABB,2024,Industrials,75.58,4.48,12.63,0.96,0.07127809977975783,47.155,Caution
GRASIM,2024,Industrials,79.35,5.68,15.23,0.98,-7.063967310949983,47.155,Caution
INFY,2024,Information Technology,35.99,8.97,36.7,4.1,1.808627454139422,63.63,Discount
TECHM,2024,Information Technology,57.4,7.43,7.85,0.64,0.16742270363873682,63.63,Fair
HCLTECH,2024,Information Technology,63.63,5.44,31.21,1.99,3.8391317512701186,63.63,Fair
LTIM,2024,Information Technology,64.52,2.38,18.9,4.43,0.13006228662120078,63.63,Fair
TCS,2024,Information Technology,78.69,6.08,29.94,1.62,9.613863669307202,63.63,Fair
SHREECEM,2024,Materials,25.87,1.21,26.58,3.2,0.06115348347250073,55.62,Discount
COALINDIA,2024,Materials,34.27,14.75,25.15,4.38,2.9991751112119767,55.62,Discount
PIDILITIND,2024,Materials,36.12,12.3,5.36,1.01,0.588510137595519,55.62,Discount
TATASTEEL,2024,Materials,48.97,9.23,38.87,1.0,1.6385330523516455,55.62,Fair
AMBUJACEM,2024,Materials,55.62,9.21,27.67,3.1,-0.25713841204302407,55.62,Fair
HINDALCO,2024,Materials,56.45,9.32,27.63,0.98,1.355289512628809,55.62,Fair
JSWSTEEL,2024,Materials,69.27,4.37,35.49,2.94,-0.09143985264473488,55.62,Fair
ASIANPAINT,2024,Materials,73.37,3.9,23.94,2.42,0.16720543083991699,55.62,Fair
JINDALSTEL,2024,Materials,77.64,5.73,20.22,1.9,-0.5890244225007633,55.62,Fair
DLF,2024,Real Estate,46.26,14.32,10.41,2.58,0.07309772065891328,49.105000000000004,Fair
LODHA,2024,Real Estate,51.95,7.65,34.33,4.05,-0.03595279056427525,49.105000000000004,Fair
